device_id,timestamp,total_flows,total_bytes,total_packets,avg_packet_size,avg_duration_ms,tcp_ratio,udp_ratio,http_ratio,https_ratio,dns_ratio,rtsp_ratio,mqtt_ratio,hl7_ratio,modbus_ratio,unique_dst_ips,unique_dst_ports,external_ratio
cam_01,2026-06-03T05:41:39.937238+00:00,84,1282813,3592,357.1306,2768.8929,0.0,0.0,0.2738,0.131,0.0595,0.5357,0.0,0.0,0.0,5,5,0.119
cam_01,2026-06-03T05:46:39.937238+00:00,42,650305,1788,363.7053,2348.4524,0.0,0.0,0.2857,0.0952,0.119,0.5,0.0,0.0,0.0,5,5,0.2381
cam_01,2026-06-03T05:51:39.937238+00:00,63,969247,1875,516.9317,2379.5873,0.0,0.0,0.2222,0.1905,0.1111,0.4762,0.0,0.0,0.0,4,4,0.1746
cam_01,2026-06-03T05:56:39.937238+00:00,89,1400110,2767,506.0029,2287.3708,0.0,0.0,0.236,0.1573,0.0674,0.5393,0.0,0.0,0.0,5,5,0.1685
cam_01,2026-06-03T06:01:39.937238+00:00,68,1067058,2386,447.2163,2265.4265,0.0,0.0,0.2353,0.2059,0.0588,0.5,0.0,0.0,0.0,5,5,0.1618
cam_01,2026-06-03T06:06:39.937238+00:00,59,824166,1403,587.4312,2597.678,0.0,0.0,0.3051,0.1186,0.0847,0.4915,0.0,0.0,0.0,5,5,0.1356
cam_01,2026-06-03T06:11:39.937238+00:00,40,545806,988,552.4352,2814.45,0.0,0.0,0.15,0.075,0.05,0.725,0.0,0.0,0.0,4,5,0.075
cam_01,2026-06-03T06:16:39.937238+00:00,49,757425,1182,640.7995,2643.3878,0.0,0.0,0.2653,0.1429,0.0816,0.5102,0.0,0.0,0.0,5,5,0.1224
cam_01,2026-06-03T06:21:39.937238+00:00,86,1263032,2851,443.0137,2394.6395,0.0,0.0,0.2558,0.1395,0.1047,0.5,0.0,0.0,0.0,5,5,0.1395
cam_01,2026-06-03T06:26:39.937238+00:00,88,1334998,3050,437.7043,2364.1023,0.0,0.0,0.3068,0.0909,0.0795,0.5227,0.0,0.0,0.0,5,5,0.2273
cam_01,2026-06-03T06:31:39.937238+00:00,60,888507,2062,430.8957,2364.05,0.0,0.0,0.2333,0.1333,0.1667,0.4667,0.0,0.0,0.0,5,5,0.15
cam_01,2026-06-03T06:36:39.937238+00:00,46,688126,1458,471.9657,2600.7174,0.0,0.0,0.3478,0.2174,0.0217,0.413,0.0,0.0,0.0,4,5,0.0435
cam_01,2026-06-03T06:41:39.937238+00:00,41,633750,1205,525.9336,3156.1463,0.0,0.0,0.2195,0.122,0.0976,0.561,0.0,0.0,0.0,5,5,0.0732
cam_01,2026-06-03T06:46:39.937238+00:00,69,1051256,2158,487.1437,2360.8986,0.0,0.0,0.1594,0.1159,0.1449,0.5797,0.0,0.0,0.0,4,5,0.1449
cam_01,2026-06-03T06:51:39.937238+00:00,57,801683,1909,419.9492,2674.0526,0.0,0.0,0.3158,0.1404,0.1404,0.4035,0.0,0.0,0.0,5,5,0.0877
cam_01,2026-06-03T06:56:39.937238+00:00,63,968778,1831,529.0978,2673.3492,0.0,0.0,0.2063,0.1429,0.0635,0.5873,0.0,0.0,0.0,5,5,0.0952
cam_01,2026-06-03T07:01:39.937238+00:00,83,1244005,2545,488.8035,2422.9157,0.0,0.0,0.2651,0.0964,0.1205,0.5181,0.0,0.0,0.0,5,5,0.2289
cam_01,2026-06-03T07:06:39.937238+00:00,89,1318597,2857,461.532,2749.7191,0.0,0.0,0.3483,0.1124,0.1461,0.3933,0.0,0.0,0.0,5,5,0.1573
cam_01,2026-06-03T07:11:39.937238+00:00,60,964179,1862,517.819,2590.7,0.0,0.0,0.2667,0.1,0.0667,0.5667,0.0,0.0,0.0,5,5,0.1667
cam_01,2026-06-03T07:16:39.937238+00:00,74,1119255,1899,589.3918,2631.3649,0.0,0.0,0.2027,0.1351,0.0676,0.5946,0.0,0.0,0.0,5,5,0.2027
cam_01,2026-06-03T07:21:39.937238+00:00,67,994402,2286,434.9965,2490.6567,0.0,0.0,0.2985,0.1791,0.1343,0.3881,0.0,0.0,0.0,4,5,0.0746
cam_01,2026-06-03T07:26:39.937238+00:00,73,1059593,2236,473.8788,2515.4795,0.0,0.0,0.2329,0.2192,0.1233,0.4247,0.0,0.0,0.0,5,5,0.0822
cam_01,2026-06-03T07:31:39.937238+00:00,63,907874,2302,394.3849,2699.5714,0.0,0.0,0.2222,0.2222,0.0317,0.5238,0.0,0.0,0.0,5,5,0.1429
cam_01,2026-06-03T07:36:39.937238+00:00,74,1170383,2477,472.5002,2582.3784,0.0,0.0,0.2297,0.1216,0.1351,0.5135,0.0,0.0,0.0,5,5,0.1081
cam_01,2026-06-03T07:41:39.937238+00:00,82,1207681,3600,335.4669,2498.2073,0.0,0.0,0.2317,0.1341,0.1341,0.5,0.0,0.0,0.0,5,5,0.1341
cam_01,2026-06-03T07:46:39.937238+00:00,83,1226226,2263,541.8586,2649.6867,0.0,0.0,0.3133,0.1084,0.1084,0.4699,0.0,0.0,0.0,5,5,0.1205
cam_01,2026-06-03T07:51:39.937238+00:00,77,1179808,2435,484.5207,2574.8182,0.0,0.0,0.2338,0.1688,0.1039,0.4935,0.0,0.0,0.0,5,5,0.1429
cam_01,2026-06-03T07:56:39.937238+00:00,73,1116267,2814,396.6834,2555.726,0.0,0.0,0.2329,0.2055,0.0548,0.5068,0.0,0.0,0.0,5,5,0.1507
cam_01,2026-06-03T08:01:39.937238+00:00,56,845902,1697,498.4691,2370.2679,0.0,0.0,0.3571,0.1071,0.0,0.5357,0.0,0.0,0.0,5,4,0.125
cam_01,2026-06-03T08:06:39.937238+00:00,59,860054,1822,472.0384,2521.9322,0.0,0.0,0.2203,0.1525,0.0847,0.5424,0.0,0.0,0.0,5,5,0.1695
cam_01,2026-06-03T08:11:39.937238+00:00,40,552103,1302,424.0422,2696.6,0.0,0.0,0.3,0.175,0.1,0.425,0.0,0.0,0.0,5,5,0.125
cam_01,2026-06-03T08:16:39.937238+00:00,51,779913,1968,396.2973,2661.1961,0.0,0.0,0.1765,0.1373,0.098,0.5882,0.0,0.0,0.0,5,5,0.1176
cam_01,2026-06-03T08:21:39.937238+00:00,69,1029397,1930,533.3663,2518.2174,0.0,0.0,0.1304,0.1739,0.1159,0.5797,0.0,0.0,0.0,4,5,0.1159
cam_01,2026-06-03T08:26:39.937238+00:00,53,740770,1698,436.2603,2767.1132,0.0,0.0,0.2453,0.1698,0.0943,0.4906,0.0,0.0,0.0,5,5,0.1321
cam_01,2026-06-03T08:31:39.937238+00:00,47,725430,1558,465.6162,2167.8511,0.0,0.0,0.234,0.0851,0.1702,0.5106,0.0,0.0,0.0,5,5,0.1702
cam_01,2026-06-03T08:36:39.937238+00:00,74,1074426,2085,515.3122,2850.473,0.0,0.0,0.1622,0.1892,0.0811,0.5676,0.0,0.0,0.0,5,5,0.2162
cam_01,2026-06-03T08:41:39.937238+00:00,88,1264201,2381,530.9538,2730.0455,0.0,0.0,0.2614,0.125,0.1023,0.5114,0.0,0.0,0.0,5,5,0.1023
cam_01,2026-06-03T08:46:39.937238+00:00,70,1000554,2142,467.112,2603.3143,0.0,0.0,0.2714,0.2714,0.1,0.3571,0.0,0.0,0.0,5,4,0.1571
cam_01,2026-06-03T08:51:39.937238+00:00,58,886657,2110,420.2166,2621.2931,0.0,0.0,0.3793,0.1207,0.1207,0.3793,0.0,0.0,0.0,5,4,0.1379
cam_01,2026-06-03T08:56:39.937238+00:00,47,641006,1238,517.7754,2035.4681,0.0,0.0,0.2553,0.1915,0.0426,0.5106,0.0,0.0,0.0,5,4,0.234
cam_01,2026-06-03T09:01:39.937238+00:00,62,900365,2068,435.3796,2277.5968,0.0,0.0,0.3226,0.1129,0.1452,0.4194,0.0,0.0,0.0,4,5,0.0806
cam_01,2026-06-03T09:06:39.937238+00:00,54,866144,2493,347.4304,2462.9815,0.0,0.0,0.2593,0.1296,0.0926,0.5185,0.0,0.0,0.0,4,5,0.0741
cam_01,2026-06-03T09:11:39.937238+00:00,86,1257855,2483,506.5868,2575.3488,0.0,0.0,0.2558,0.2209,0.1512,0.3721,0.0,0.0,0.0,5,5,0.1163
cam_01,2026-06-03T09:16:39.937238+00:00,86,1308307,3383,386.7298,2808.2907,0.0,0.0,0.2093,0.1163,0.1047,0.5698,0.0,0.0,0.0,5,5,0.2326
cam_01,2026-06-03T09:21:39.937238+00:00,64,997907,2236,446.2911,2402.6562,0.0,0.0,0.2969,0.1719,0.1094,0.4219,0.0,0.0,0.0,4,5,0.125
cam_01,2026-06-03T09:26:39.937238+00:00,80,1158685,2282,507.7498,2702.2625,0.0,0.0,0.225,0.2625,0.0625,0.45,0.0,0.0,0.0,5,5,0.1875
cam_01,2026-06-03T09:31:39.937238+00:00,74,1095656,2257,485.4479,2638.1622,0.0,0.0,0.2838,0.1081,0.0811,0.527,0.0,0.0,0.0,5,5,0.2838
cam_01,2026-06-03T09:36:39.937238+00:00,71,1045656,1959,533.7703,2654.3521,0.0,0.0,0.2958,0.1972,0.0704,0.4366,0.0,0.0,0.0,5,5,0.2535
cam_01,2026-06-03T09:41:39.937238+00:00,82,1202522,2509,479.2834,2529.1829,0.0,0.0,0.2805,0.122,0.1341,0.4634,0.0,0.0,0.0,5,5,0.2073
cam_01,2026-06-03T09:46:39.937238+00:00,43,638863,1404,455.0306,2574.6047,0.0,0.0,0.2093,0.1163,0.2093,0.4651,0.0,0.0,0.0,4,5,0.1163
cam_01,2026-06-03T09:51:39.937238+00:00,66,1024455,1994,513.7688,2811.5303,0.0,0.0,0.3485,0.0909,0.1212,0.4394,0.0,0.0,0.0,5,5,0.1515
cam_01,2026-06-03T09:56:39.937238+00:00,76,1138957,2317,491.5654,2345.1711,0.0,0.0,0.2895,0.1316,0.1974,0.3816,0.0,0.0,0.0,5,5,0.0658
cam_01,2026-06-03T10:01:39.937238+00:00,45,709129,1807,392.4344,3031.8,0.0,0.0,0.4,0.0667,0.2,0.3333,0.0,0.0,0.0,5,5,0.1111
cam_01,2026-06-03T10:06:39.937238+00:00,53,840308,1647,510.2052,2380.0,0.0,0.0,0.3019,0.1321,0.0755,0.4906,0.0,0.0,0.0,5,5,0.2453
cam_01,2026-06-03T10:11:39.937238+00:00,55,831799,1764,471.5414,2441.0,0.0,0.0,0.1818,0.1818,0.1273,0.5091,0.0,0.0,0.0,5,5,0.1818
cam_01,2026-06-03T10:16:39.937238+00:00,87,1269398,2304,550.954,2578.7011,0.0,0.0,0.2644,0.1034,0.092,0.5402,0.0,0.0,0.0,5,5,0.2184
cam_01,2026-06-03T10:21:39.937238+00:00,88,1409893,2868,491.5945,2278.9886,0.0,0.0,0.2841,0.1818,0.1705,0.3636,0.0,0.0,0.0,5,5,0.1932
cam_01,2026-06-03T10:26:39.937238+00:00,78,1133153,2539,446.2989,2641.4487,0.0,0.0,0.2436,0.141,0.0769,0.5385,0.0,0.0,0.0,5,5,0.2051
cam_01,2026-06-03T10:31:39.937238+00:00,45,648209,1522,425.8929,2547.4222,0.0,0.0,0.5333,0.1333,0.0222,0.3111,0.0,0.0,0.0,5,4,0.1556
cam_01,2026-06-03T10:36:39.937238+00:00,47,653497,1168,559.5009,2362.9787,0.0,0.0,0.2766,0.1702,0.1702,0.383,0.0,0.0,0.0,4,5,0.1915
cam_01,2026-06-03T10:41:39.937238+00:00,47,715325,1577,453.5986,2326.7234,0.0,0.0,0.1915,0.1064,0.1489,0.5532,0.0,0.0,0.0,5,5,0.1915
cam_01,2026-06-03T10:46:39.937238+00:00,59,899579,2024,444.456,2320.6441,0.0,0.0,0.3051,0.1356,0.1356,0.4237,0.0,0.0,0.0,5,5,0.1695
cam_01,2026-06-03T10:51:39.937238+00:00,86,1178866,2750,428.6785,2527.8721,0.0,0.0,0.3023,0.1047,0.1047,0.4884,0.0,0.0,0.0,5,5,0.1279
cam_01,2026-06-03T10:56:39.937238+00:00,63,1078492,1615,667.7969,2656.2698,0.0,0.0,0.1905,0.0794,0.1111,0.619,0.0,0.0,0.0,5,5,0.1905
cam_01,2026-06-03T11:01:39.937238+00:00,58,847164,1744,485.7592,2315.8966,0.0,0.0,0.3103,0.1034,0.1207,0.4655,0.0,0.0,0.0,4,5,0.1379
cam_01,2026-06-03T11:06:39.937238+00:00,46,760926,1779,427.7268,2843.5217,0.0,0.0,0.3043,0.1304,0.0652,0.5,0.0,0.0,0.0,5,5,0.2174
cam_01,2026-06-03T11:11:39.937238+00:00,85,1313942,3192,411.636,2355.6353,0.0,0.0,0.2471,0.1412,0.0706,0.5412,0.0,0.0,0.0,5,5,0.2118
cam_01,2026-06-03T11:16:39.937238+00:00,87,1281632,2772,462.3492,2657.931,0.0,0.0,0.2069,0.1839,0.0575,0.5517,0.0,0.0,0.0,5,5,0.1264
cam_01,2026-06-03T11:21:39.937238+00:00,89,1349254,2711,497.6961,2479.0,0.0,0.0,0.1573,0.0899,0.0787,0.6742,0.0,0.0,0.0,5,5,0.1461
cam_01,2026-06-03T11:26:39.937238+00:00,62,836057,1475,566.8183,2502.9839,0.0,0.0,0.2097,0.0806,0.1129,0.5968,0.0,0.0,0.0,5,5,0.2097
cam_01,2026-06-03T11:31:39.937238+00:00,54,821844,1860,441.8516,2426.2963,0.0,0.0,0.2407,0.1667,0.0741,0.5185,0.0,0.0,0.0,5,5,0.1852
cam_01,2026-06-03T11:36:39.937238+00:00,48,729395,1697,429.8144,2305.3125,0.0,0.0,0.1667,0.1458,0.1042,0.5833,0.0,0.0,0.0,5,5,0.125
cam_01,2026-06-03T11:41:39.937238+00:00,40,526197,1038,506.9335,2128.675,0.0,0.0,0.2,0.1,0.175,0.525,0.0,0.0,0.0,5,5,0.275
cam_01,2026-06-03T11:46:39.937238+00:00,78,1201807,2547,471.852,2541.2692,0.0,0.0,0.3205,0.141,0.0769,0.4615,0.0,0.0,0.0,5,5,0.141
cam_01,2026-06-03T11:51:39.937238+00:00,42,693674,1113,623.2471,2523.0238,0.0,0.0,0.2619,0.0952,0.0714,0.5714,0.0,0.0,0.0,5,5,0.1429
cam_01,2026-06-03T11:56:39.937238+00:00,89,1347126,2788,483.1872,2379.2247,0.0,0.0,0.2022,0.1461,0.0562,0.5955,0.0,0.0,0.0,5,5,0.1798
cam_01,2026-06-03T12:01:39.937238+00:00,44,653643,2132,306.5868,2720.4318,0.0,0.0,0.3409,0.1364,0.1136,0.4091,0.0,0.0,0.0,5,5,0.1364
cam_01,2026-06-03T12:06:39.937238+00:00,58,856196,1996,428.9559,2382.069,0.0,0.0,0.2931,0.1379,0.1034,0.4655,0.0,0.0,0.0,5,5,0.1552
cam_01,2026-06-03T12:11:39.937238+00:00,76,1166382,3315,351.8498,2493.2368,0.0,0.0,0.2105,0.1316,0.0789,0.5789,0.0,0.0,0.0,5,5,0.3026
cam_01,2026-06-03T12:16:39.937238+00:00,52,800071,1810,442.0282,2336.5,0.0,0.0,0.25,0.1923,0.0962,0.4615,0.0,0.0,0.0,4,5,0.1346
cam_01,2026-06-03T12:21:39.937238+00:00,40,565486,803,704.2167,2735.15,0.0,0.0,0.3,0.1,0.075,0.525,0.0,0.0,0.0,4,5,0.125
cam_01,2026-06-03T12:26:39.937238+00:00,82,1193695,2402,496.9588,2455.7195,0.0,0.0,0.2439,0.1707,0.0976,0.4878,0.0,0.0,0.0,5,5,0.0732
cam_01,2026-06-03T12:31:39.937238+00:00,87,1298987,3266,397.7303,2425.2759,0.0,0.0,0.2184,0.1264,0.046,0.6092,0.0,0.0,0.0,5,5,0.1724
cam_01,2026-06-03T12:36:39.937238+00:00,47,739078,1433,515.7558,2305.8511,0.0,0.0,0.1489,0.1489,0.0638,0.6383,0.0,0.0,0.0,5,5,0.0851
cam_01,2026-06-03T12:41:39.937238+00:00,71,1083216,2611,414.8663,2414.5634,0.0,0.0,0.1972,0.1549,0.1268,0.5211,0.0,0.0,0.0,5,5,0.0845
cam_01,2026-06-03T12:46:39.937238+00:00,81,1113339,2483,448.3846,2480.1605,0.0,0.0,0.2593,0.1111,0.1852,0.4444,0.0,0.0,0.0,5,5,0.1605
cam_01,2026-06-03T12:51:39.937238+00:00,90,1314457,2623,501.1273,2656.4444,0.0,0.0,0.2,0.1444,0.0889,0.5667,0.0,0.0,0.0,5,5,0.1778
cam_01,2026-06-03T12:56:39.937238+00:00,74,1179787,3026,389.8833,2160.1622,0.0,0.0,0.2432,0.1081,0.1216,0.527,0.0,0.0,0.0,5,5,0.0811
cam_01,2026-06-03T13:01:39.937238+00:00,90,1237399,2811,440.1989,2422.7444,0.0,0.0,0.2889,0.1333,0.0889,0.4889,0.0,0.0,0.0,5,5,0.2
cam_01,2026-06-03T13:06:39.937238+00:00,61,922006,1755,525.3595,2617.4426,0.0,0.0,0.2951,0.1475,0.082,0.4754,0.0,0.0,0.0,5,5,0.1803
cam_01,2026-06-03T13:11:39.937238+00:00,76,1111972,2962,375.4126,2549.3158,0.0,0.0,0.25,0.1316,0.0921,0.5263,0.0,0.0,0.0,5,4,0.1711
cam_01,2026-06-03T13:16:39.937238+00:00,40,659498,1207,546.3944,2591.9,0.0,0.0,0.225,0.175,0.1,0.5,0.0,0.0,0.0,5,5,0.175
cam_01,2026-06-03T13:21:39.937238+00:00,88,1342227,3066,437.7779,2751.3068,0.0,0.0,0.2159,0.1136,0.1477,0.5227,0.0,0.0,0.0,5,5,0.0909
cam_01,2026-06-03T13:26:39.937238+00:00,46,682663,1507,452.9947,2625.5652,0.0,0.0,0.2609,0.1957,0.1304,0.413,0.0,0.0,0.0,5,5,0.2174
cam_01,2026-06-03T13:31:39.937238+00:00,52,787346,2022,389.3897,2791.5769,0.0,0.0,0.2115,0.2308,0.0577,0.5,0.0,0.0,0.0,4,4,0.1154
cam_01,2026-06-03T13:36:39.937238+00:00,48,759233,2067,367.3116,2183.9583,0.0,0.0,0.2292,0.2083,0.0625,0.5,0.0,0.0,0.0,5,5,0.125
cam_01,2026-06-03T13:41:39.937238+00:00,61,842235,1854,454.2799,2612.6393,0.0,0.0,0.2459,0.2295,0.1311,0.3934,0.0,0.0,0.0,5,5,0.2131
cam_01,2026-06-03T13:46:39.937238+00:00,67,1075290,2341,459.3293,2375.5224,0.0,0.0,0.209,0.209,0.0597,0.5224,0.0,0.0,0.0,5,5,0.1642
cam_01,2026-06-03T13:51:39.937238+00:00,40,593039,1101,538.6367,2352.425,0.0,0.0,0.125,0.25,0.075,0.55,0.0,0.0,0.0,5,5,0.15
cam_01,2026-06-03T13:56:39.937238+00:00,63,985257,2277,432.6996,2521.4921,0.0,0.0,0.2063,0.1905,0.0952,0.5079,0.0,0.0,0.0,5,5,0.1746
sensor_01,2026-06-03T05:41:39.937238+00:00,30,15241,91,167.4835,2248.1333,0.0,0.0,0.2,0.0,0.1333,0.0,0.6667,0.0,0.0,3,4,0.0333
sensor_01,2026-06-03T05:46:39.937238+00:00,34,15459,86,179.7558,2437.7059,0.0,0.0,0.1471,0.0,0.2059,0.0,0.6471,0.0,0.0,2,4,0.0
sensor_01,2026-06-03T05:51:39.937238+00:00,34,17440,101,172.6733,2757.1176,0.0,0.0,0.2353,0.0,0.1176,0.0,0.6471,0.0,0.0,3,3,0.0294
sensor_01,2026-06-03T05:56:39.937238+00:00,28,14022,90,155.8,2458.3214,0.0,0.0,0.1786,0.0,0.1429,0.0,0.6786,0.0,0.0,2,4,0.0
sensor_01,2026-06-03T06:01:39.937238+00:00,26,12933,74,174.7703,2418.6538,0.0,0.0,0.3077,0.0,0.0769,0.0,0.6154,0.0,0.0,2,4,0.0
sensor_01,2026-06-03T06:06:39.937238+00:00,29,13904,81,171.6543,2675.3448,0.0,0.0,0.2414,0.0,0.1034,0.0,0.6552,0.0,0.0,2,4,0.0
sensor_01,2026-06-03T06:11:39.937238+00:00,18,9655,50,193.1,2722.5556,0.0,0.0,0.1667,0.0,0.1111,0.0,0.7222,0.0,0.0,3,4,0.0556
sensor_01,2026-06-03T06:16:39.937238+00:00,26,12330,81,152.2222,2516.1923,0.0,0.0,0.2308,0.0,0.1154,0.0,0.6538,0.0,0.0,2,4,0.0
sensor_01,2026-06-03T06:21:39.937238+00:00,24,11682,76,153.7105,2726.9167,0.0,0.0,0.25,0.0,0.125,0.0,0.625,0.0,0.0,2,4,0.0
sensor_01,2026-06-03T06:26:39.937238+00:00,16,7903,54,146.3519,2708.5,0.0,0.0,0.25,0.0,0.0625,0.0,0.6875,0.0,0.0,3,4,0.0625
sensor_01,2026-06-03T06:31:39.937238+00:00,18,7986,42,190.1429,2363.8889,0.0,0.0,0.0556,0.0,0.1111,0.0,0.8333,0.0,0.0,2,4,0.0
sensor_01,2026-06-03T06:36:39.937238+00:00,29,14391,90,159.9,1917.1379,0.0,0.0,0.2069,0.0,0.069,0.0,0.7241,0.0,0.0,2,4,0.0
sensor_01,2026-06-03T06:41:39.937238+00:00,30,16067,107,150.1589,2318.7333,0.0,0.0,0.2667,0.0,0.1333,0.0,0.6,0.0,0.0,3,4,0.0333
sensor_01,2026-06-03T06:46:39.937238+00:00,29,16171,107,151.1308,2626.9655,0.0,0.0,0.2759,0.0,0.1034,0.0,0.6207,0.0,0.0,2,3,0.0
sensor_01,2026-06-03T06:51:39.937238+00:00,33,16860,96,175.625,2559.4242,0.0,0.0,0.0909,0.0,0.2121,0.0,0.697,0.0,0.0,2,3,0.0
sensor_01,2026-06-03T06:56:39.937238+00:00,26,14017,99,141.5859,2234.6538,0.0,0.0,0.1154,0.0,0.1923,0.0,0.6923,0.0,0.0,4,4,0.0769
sensor_01,2026-06-03T07:01:39.937238+00:00,31,14600,103,141.7476,2865.2258,0.0,0.0,0.3226,0.0,0.0968,0.0,0.5806,0.0,0.0,2,4,0.0
sensor_01,2026-06-03T07:06:39.937238+00:00,17,7592,55,138.0364,2634.8824,0.0,0.0,0.2353,0.0,0.1765,0.0,0.5882,0.0,0.0,3,3,0.0588
sensor_01,2026-06-03T07:11:39.937238+00:00,22,10915,70,155.9286,3353.8182,0.0,0.0,0.1818,0.0,0.1364,0.0,0.6818,0.0,0.0,2,4,0.0
sensor_01,2026-06-03T07:16:39.937238+00:00,34,16217,94,172.5213,2923.1471,0.0,0.0,0.1176,0.0,0.2647,0.0,0.6176,0.0,0.0,2,3,0.0
sensor_01,2026-06-03T07:21:39.937238+00:00,35,16447,107,153.7103,2682.4,0.0,0.0,0.2286,0.0,0.0857,0.0,0.6857,0.0,0.0,2,4,0.0
sensor_01,2026-06-03T07:26:39.937238+00:00,24,12542,100,125.42,2491.1667,0.0,0.0,0.1667,0.0,0.125,0.0,0.7083,0.0,0.0,2,4,0.0
sensor_01,2026-06-03T07:31:39.937238+00:00,21,9483,62,152.9516,2630.0952,0.0,0.0,0.0476,0.0,0.1429,0.0,0.8095,0.0,0.0,2,4,0.0
sensor_01,2026-06-03T07:36:39.937238+00:00,30,15695,98,160.1531,2340.5667,0.0,0.0,0.1,0.0,0.2333,0.0,0.6667,0.0,0.0,2,4,0.0
sensor_01,2026-06-03T07:41:39.937238+00:00,28,14144,105,134.7048,2468.5714,0.0,0.0,0.2143,0.0,0.0357,0.0,0.75,0.0,0.0,2,4,0.0
sensor_01,2026-06-03T07:46:39.937238+00:00,26,12833,87,147.5057,2926.5385,0.0,0.0,0.1538,0.0,0.1538,0.0,0.6923,0.0,0.0,3,4,0.0385
sensor_01,2026-06-03T07:51:39.937238+00:00,26,12019,77,156.0909,2627.2692,0.0,0.0,0.3077,0.0,0.0769,0.0,0.6154,0.0,0.0,2,4,0.0
sensor_01,2026-06-03T07:56:39.937238+00:00,22,11821,70,168.8714,2127.5909,0.0,0.0,0.1364,0.0,0.0455,0.0,0.8182,0.0,0.0,2,4,0.0
sensor_01,2026-06-03T08:01:39.937238+00:00,29,15161,109,139.0917,2558.3448,0.0,0.0,0.2414,0.0,0.2069,0.0,0.5517,0.0,0.0,3,3,0.0345
sensor_01,2026-06-03T08:06:39.937238+00:00,26,12926,90,143.6222,2374.4231,0.0,0.0,0.1923,0.0,0.2308,0.0,0.5769,0.0,0.0,2,3,0.0
sensor_01,2026-06-03T08:11:39.937238+00:00,19,10750,56,191.9643,2013.4211,0.0,0.0,0.2105,0.0,0.0526,0.0,0.7368,0.0,0.0,2,3,0.0
sensor_01,2026-06-03T08:16:39.937238+00:00,34,16269,100,162.69,2713.0,0.0,0.0,0.1471,0.0,0.1176,0.0,0.7353,0.0,0.0,2,4,0.0
sensor_01,2026-06-03T08:21:39.937238+00:00,20,10320,55,187.6364,2254.1,0.0,0.0,0.15,0.0,0.3,0.0,0.55,0.0,0.0,2,3,0.0
sensor_01,2026-06-03T08:26:39.937238+00:00,27,12590,77,163.5065,2159.7407,0.0,0.0,0.0741,0.0,0.0741,0.0,0.8519,0.0,0.0,3,4,0.037
sensor_01,2026-06-03T08:31:39.937238+00:00,34,15979,94,169.9894,2596.4706,0.0,0.0,0.2059,0.0,0.0588,0.0,0.7353,0.0,0.0,2,4,0.0
sensor_01,2026-06-03T08:36:39.937238+00:00,33,16477,109,151.1651,2427.0303,0.0,0.0,0.2727,0.0,0.0606,0.0,0.6667,0.0,0.0,2,4,0.0
sensor_01,2026-06-03T08:41:39.937238+00:00,18,10106,71,142.338,2589.6667,0.0,0.0,0.1111,0.0,0.2222,0.0,0.6667,0.0,0.0,2,4,0.0
sensor_01,2026-06-03T08:46:39.937238+00:00,29,14191,82,173.061,2242.4828,0.0,0.0,0.1034,0.0,0.2069,0.0,0.6897,0.0,0.0,2,4,0.0
sensor_01,2026-06-03T08:51:39.937238+00:00,16,6456,49,131.7551,2752.75,0.0,0.0,0.5,0.0,0.1875,0.0,0.3125,0.0,0.0,2,4,0.0
sensor_01,2026-06-03T08:56:39.937238+00:00,22,10986,76,144.5526,2382.5455,0.0,0.0,0.1818,0.0,0.1818,0.0,0.6364,0.0,0.0,2,4,0.0
sensor_01,2026-06-03T09:01:39.937238+00:00,16,7511,53,141.717,2406.8125,0.0,0.0,0.25,0.0,0.1875,0.0,0.5625,0.0,0.0,2,4,0.0
sensor_01,2026-06-03T09:06:39.937238+00:00,15,6233,33,188.8788,2846.8667,0.0,0.0,0.2,0.0,0.2,0.0,0.6,0.0,0.0,2,3,0.0
sensor_01,2026-06-03T09:11:39.937238+00:00,17,7967,53,150.3208,3022.4706,0.0,0.0,0.2353,0.0,0.0588,0.0,0.7059,0.0,0.0,3,3,0.0588
sensor_01,2026-06-03T09:16:39.937238+00:00,31,14868,109,136.4037,2908.4516,0.0,0.0,0.2258,0.0,0.129,0.0,0.6452,0.0,0.0,3,4,0.0323
sensor_01,2026-06-03T09:21:39.937238+00:00,25,12800,84,152.381,2309.84,0.0,0.0,0.24,0.0,0.12,0.0,0.64,0.0,0.0,2,4,0.0
sensor_01,2026-06-03T09:26:39.937238+00:00,34,17502,108,162.0556,2450.3235,0.0,0.0,0.1765,0.0,0.1765,0.0,0.6471,0.0,0.0,2,4,0.0
sensor_01,2026-06-03T09:31:39.937238+00:00,35,16082,96,167.5208,2779.4286,0.0,0.0,0.3429,0.0,0.1143,0.0,0.5429,0.0,0.0,3,3,0.0286
sensor_01,2026-06-03T09:36:39.937238+00:00,21,9763,62,157.4677,2606.5238,0.0,0.0,0.1429,0.0,0.2381,0.0,0.619,0.0,0.0,3,4,0.0476
sensor_01,2026-06-03T09:41:39.937238+00:00,25,13074,83,157.5181,2240.4,0.0,0.0,0.28,0.0,0.12,0.0,0.6,0.0,0.0,2,4,0.0
sensor_01,2026-06-03T09:46:39.937238+00:00,18,8533,50,170.66,2643.4444,0.0,0.0,0.2222,0.0,0.1667,0.0,0.6111,0.0,0.0,2,4,0.0
sensor_01,2026-06-03T09:51:39.937238+00:00,21,10639,72,147.7639,2589.9524,0.0,0.0,0.3333,0.0,0.0476,0.0,0.619,0.0,0.0,2,4,0.0
sensor_01,2026-06-03T09:56:39.937238+00:00,19,11096,62,178.9677,2697.9474,0.0,0.0,0.2105,0.0,0.1579,0.0,0.6316,0.0,0.0,3,3,0.1053
sensor_01,2026-06-03T10:01:39.937238+00:00,32,17500,121,144.6281,1811.3125,0.0,0.0,0.1562,0.0,0.1875,0.0,0.6562,0.0,0.0,2,4,0.0
sensor_01,2026-06-03T10:06:39.937238+00:00,27,13634,81,168.321,2330.2222,0.0,0.0,0.2593,0.0,0.2222,0.0,0.5185,0.0,0.0,2,4,0.0
sensor_01,2026-06-03T10:11:39.937238+00:00,33,19641,135,145.4889,2279.8182,0.0,0.0,0.2727,0.0,0.0909,0.0,0.6364,0.0,0.0,2,4,0.0
sensor_01,2026-06-03T10:16:39.937238+00:00,33,16112,107,150.5794,2325.9697,0.0,0.0,0.2121,0.0,0.1212,0.0,0.6667,0.0,0.0,2,4,0.0
sensor_01,2026-06-03T10:21:39.937238+00:00,32,15573,94,165.6702,2219.25,0.0,0.0,0.25,0.0,0.125,0.0,0.625,0.0,0.0,3,4,0.0312
sensor_01,2026-06-03T10:26:39.937238+00:00,23,11607,77,150.7403,2412.2174,0.0,0.0,0.1739,0.0,0.1739,0.0,0.6522,0.0,0.0,2,4,0.0
sensor_01,2026-06-03T10:31:39.937238+00:00,25,12998,87,149.4023,2524.48,0.0,0.0,0.16,0.0,0.28,0.0,0.56,0.0,0.0,2,3,0.0
sensor_01,2026-06-03T10:36:39.937238+00:00,20,11292,69,163.6522,2764.0,0.0,0.0,0.15,0.0,0.1,0.0,0.75,0.0,0.0,2,4,0.0
sensor_01,2026-06-03T10:41:39.937238+00:00,32,16268,113,143.9646,2721.8125,0.0,0.0,0.2188,0.0,0.0625,0.0,0.7188,0.0,0.0,2,4,0.0
sensor_01,2026-06-03T10:46:39.937238+00:00,20,10143,68,149.1618,2919.65,0.0,0.0,0.15,0.0,0.1,0.0,0.75,0.0,0.0,2,3,0.0
sensor_01,2026-06-03T10:51:39.937238+00:00,33,16007,104,153.9135,2629.3939,0.0,0.0,0.2727,0.0,0.1515,0.0,0.5758,0.0,0.0,3,4,0.0303
sensor_01,2026-06-03T10:56:39.937238+00:00,32,17045,98,173.9286,2399.9062,0.0,0.0,0.3125,0.0,0.125,0.0,0.5625,0.0,0.0,2,3,0.0
sensor_01,2026-06-03T11:01:39.937238+00:00,30,13353,70,190.7571,2704.8333,0.0,0.0,0.1667,0.0,0.2,0.0,0.6333,0.0,0.0,2,4,0.0
sensor_01,2026-06-03T11:06:39.937238+00:00,21,12145,73,166.3699,2403.0952,0.0,0.0,0.1905,0.0,0.1429,0.0,0.6667,0.0,0.0,3,4,0.0476
sensor_01,2026-06-03T11:11:39.937238+00:00,15,5777,32,180.5312,1958.8667,0.0,0.0,0.0667,0.0,0.0667,0.0,0.8667,0.0,0.0,2,3,0.0
sensor_01,2026-06-03T11:16:39.937238+00:00,33,17174,112,153.3393,2692.0909,0.0,0.0,0.303,0.0,0.1818,0.0,0.5152,0.0,0.0,2,3,0.0
sensor_01,2026-06-03T11:21:39.937238+00:00,23,12701,79,160.7722,2724.6957,0.0,0.0,0.1739,0.0,0.3043,0.0,0.5217,0.0,0.0,3,3,0.0435
sensor_01,2026-06-03T11:26:39.937238+00:00,25,10539,60,175.65,2446.76,0.0,0.0,0.12,0.0,0.12,0.0,0.76,0.0,0.0,2,3,0.0
sensor_01,2026-06-03T11:31:39.937238+00:00,20,9800,70,140.0,2612.5,0.0,0.0,0.3,0.0,0.0,0.0,0.7,0.0,0.0,2,3,0.0
sensor_01,2026-06-03T11:36:39.937238+00:00,24,12167,76,160.0921,2902.7917,0.0,0.0,0.125,0.0,0.0417,0.0,0.8333,0.0,0.0,2,4,0.0
sensor_01,2026-06-03T11:41:39.937238+00:00,19,9256,51,181.4902,2454.4737,0.0,0.0,0.4211,0.0,0.1579,0.0,0.4211,0.0,0.0,2,3,0.0
sensor_01,2026-06-03T11:46:39.937238+00:00,34,17633,108,163.2685,2738.5,0.0,0.0,0.2353,0.0,0.0882,0.0,0.6765,0.0,0.0,2,4,0.0
sensor_01,2026-06-03T11:51:39.937238+00:00,33,17947,132,135.9621,2191.6364,0.0,0.0,0.2121,0.0,0.1515,0.0,0.6364,0.0,0.0,2,4,0.0
sensor_01,2026-06-03T11:56:39.937238+00:00,21,9649,64,150.7656,2560.6667,0.0,0.0,0.2857,0.0,0.0952,0.0,0.619,0.0,0.0,2,4,0.0
sensor_01,2026-06-03T12:01:39.937238+00:00,19,8648,58,149.1034,1923.8421,0.0,0.0,0.3158,0.0,0.1579,0.0,0.5263,0.0,0.0,2,3,0.0
sensor_01,2026-06-03T12:06:39.937238+00:00,26,12955,84,154.2262,2161.5769,0.0,0.0,0.3846,0.0,0.0385,0.0,0.5769,0.0,0.0,2,4,0.0
sensor_01,2026-06-03T12:11:39.937238+00:00,23,11426,72,158.6944,2644.4348,0.0,0.0,0.2174,0.0,0.3043,0.0,0.4783,0.0,0.0,2,3,0.0
sensor_01,2026-06-03T12:16:39.937238+00:00,18,9324,57,163.5789,1911.5,0.0,0.0,0.2778,0.0,0.0556,0.0,0.6667,0.0,0.0,2,4,0.0
sensor_01,2026-06-03T12:21:39.937238+00:00,19,8642,58,149.0,2300.7895,0.0,0.0,0.2632,0.0,0.1053,0.0,0.6316,0.0,0.0,2,3,0.0
sensor_01,2026-06-03T12:26:39.937238+00:00,35,18169,96,189.2604,2188.1143,0.0,0.0,0.3429,0.0,0.1714,0.0,0.4857,0.0,0.0,2,4,0.0
sensor_01,2026-06-03T12:31:39.937238+00:00,35,17879,121,147.7603,2794.2571,0.0,0.0,0.2857,0.0,0.0857,0.0,0.6286,0.0,0.0,3,4,0.0286
sensor_01,2026-06-03T12:36:39.937238+00:00,18,7482,56,133.6071,3139.6667,0.0,0.0,0.1667,0.0,0.1111,0.0,0.7222,0.0,0.0,2,4,0.0
sensor_01,2026-06-03T12:41:39.937238+00:00,33,17279,102,169.402,2437.8788,0.0,0.0,0.1818,0.0,0.1515,0.0,0.6667,0.0,0.0,2,3,0.0
sensor_01,2026-06-03T12:46:39.937238+00:00,16,7649,47,162.7447,1817.9375,0.0,0.0,0.25,0.0,0.125,0.0,0.625,0.0,0.0,2,3,0.0
sensor_01,2026-06-03T12:51:39.937238+00:00,35,16003,89,179.809,2364.6286,0.0,0.0,0.3143,0.0,0.0857,0.0,0.6,0.0,0.0,3,4,0.0286
sensor_01,2026-06-03T12:56:39.937238+00:00,24,12008,77,155.9481,3328.125,0.0,0.0,0.125,0.0,0.125,0.0,0.75,0.0,0.0,2,4,0.0
sensor_01,2026-06-03T13:01:39.937238+00:00,17,7732,49,157.7959,2092.0588,0.0,0.0,0.1765,0.0,0.1765,0.0,0.6471,0.0,0.0,2,4,0.0
sensor_01,2026-06-03T13:06:39.937238+00:00,24,10610,77,137.7922,2712.75,0.0,0.0,0.25,0.0,0.1667,0.0,0.5833,0.0,0.0,2,4,0.0
sensor_01,2026-06-03T13:11:39.937238+00:00,27,13529,76,178.0132,2154.6667,0.0,0.0,0.1852,0.0,0.0741,0.0,0.7407,0.0,0.0,2,4,0.0
sensor_01,2026-06-03T13:16:39.937238+00:00,34,16831,114,147.6404,2633.9118,0.0,0.0,0.2353,0.0,0.1471,0.0,0.6176,0.0,0.0,2,4,0.0
sensor_01,2026-06-03T13:21:39.937238+00:00,21,9907,67,147.8657,2462.4762,0.0,0.0,0.1905,0.0,0.0,0.0,0.8095,0.0,0.0,2,3,0.0
sensor_01,2026-06-03T13:26:39.937238+00:00,22,10368,61,169.9672,3133.3636,0.0,0.0,0.0909,0.0,0.1818,0.0,0.7273,0.0,0.0,2,4,0.0
sensor_01,2026-06-03T13:31:39.937238+00:00,23,12758,93,137.1828,1946.3913,0.0,0.0,0.1304,0.0,0.1304,0.0,0.7391,0.0,0.0,2,4,0.0
sensor_01,2026-06-03T13:36:39.937238+00:00,20,9959,54,184.4259,3402.8,0.0,0.0,0.15,0.0,0.1,0.0,0.75,0.0,0.0,2,4,0.0
sensor_01,2026-06-03T13:41:39.937238+00:00,18,7885,44,179.2045,2111.1667,0.0,0.0,0.2778,0.0,0.0,0.0,0.7222,0.0,0.0,2,3,0.0
sensor_01,2026-06-03T13:46:39.937238+00:00,35,17736,115,154.2261,2557.6571,0.0,0.0,0.1143,0.0,0.2286,0.0,0.6571,0.0,0.0,2,4,0.0
sensor_01,2026-06-03T13:51:39.937238+00:00,27,12532,92,136.2174,1994.2593,0.0,0.0,0.1481,0.0,0.2222,0.0,0.6296,0.0,0.0,2,3,0.0
sensor_01,2026-06-03T13:56:39.937238+00:00,25,10661,66,161.5303,2394.48,0.0,0.0,0.32,0.0,0.04,0.0,0.64,0.0,0.0,3,3,0.04
motion_01,2026-06-03T05:41:39.937238+00:00,42,92797,300,309.3233,2661.8095,0.1667,0.0,0.0,0.381,0.2857,0.1667,0.0,0.0,0.0,3,4,0.0714
motion_01,2026-06-03T05:46:39.937238+00:00,82,159999,354,451.9746,2310.0732,0.2561,0.0,0.0,0.5122,0.1585,0.0732,0.0,0.0,0.0,3,4,0.1951
motion_01,2026-06-03T05:51:39.937238+00:00,59,122841,358,343.1313,2629.4576,0.322,0.0,0.0,0.3898,0.1864,0.1017,0.0,0.0,0.0,3,4,0.0678
motion_01,2026-06-03T05:56:39.937238+00:00,84,168668,415,406.4289,2225.4405,0.2976,0.0,0.0,0.381,0.2738,0.0476,0.0,0.0,0.0,3,4,0.0952
motion_01,2026-06-03T06:01:39.937238+00:00,81,159139,447,356.0157,2824.358,0.284,0.0,0.0,0.4074,0.1728,0.1358,0.0,0.0,0.0,3,4,0.0741
motion_01,2026-06-03T06:06:39.937238+00:00,64,120233,293,410.3515,2544.7031,0.2812,0.0,0.0,0.4531,0.25,0.0156,0.0,0.0,0.0,3,4,0.1094
motion_01,2026-06-03T06:11:39.937238+00:00,53,99717,283,352.3569,2570.283,0.3019,0.0,0.0,0.5472,0.1132,0.0377,0.0,0.0,0.0,3,4,0.1321
motion_01,2026-06-03T06:16:39.937238+00:00,46,87585,254,344.8228,2309.7391,0.2391,0.0,0.0,0.413,0.2391,0.1087,0.0,0.0,0.0,3,4,0.1087
motion_01,2026-06-03T06:21:39.937238+00:00,61,112964,322,350.8199,2569.6557,0.2787,0.0,0.0,0.4098,0.1639,0.1475,0.0,0.0,0.0,3,4,0.0492
motion_01,2026-06-03T06:26:39.937238+00:00,59,120214,311,386.5402,2689.2542,0.4407,0.0,0.0,0.2712,0.1695,0.1186,0.0,0.0,0.0,3,4,0.1017
motion_01,2026-06-03T06:31:39.937238+00:00,40,81470,258,315.7752,2317.85,0.275,0.0,0.0,0.325,0.25,0.15,0.0,0.0,0.0,3,4,0.05
motion_01,2026-06-03T06:36:39.937238+00:00,65,133584,450,296.8533,2588.6923,0.3077,0.0,0.0,0.4,0.1692,0.1231,0.0,0.0,0.0,3,4,0.0769
motion_01,2026-06-03T06:41:39.937238+00:00,86,155241,375,413.976,2251.0814,0.2093,0.0,0.0,0.4884,0.1977,0.1047,0.0,0.0,0.0,3,4,0.1279
motion_01,2026-06-03T06:46:39.937238+00:00,45,83217,190,437.9842,2043.2667,0.4222,0.0,0.0,0.3111,0.2444,0.0222,0.0,0.0,0.0,3,4,0.0889
motion_01,2026-06-03T06:51:39.937238+00:00,88,174093,478,364.2113,2436.4659,0.3295,0.0,0.0,0.3636,0.2159,0.0909,0.0,0.0,0.0,3,4,0.125
motion_01,2026-06-03T06:56:39.937238+00:00,52,108926,255,427.1608,2278.4038,0.3462,0.0,0.0,0.4808,0.1346,0.0385,0.0,0.0,0.0,3,4,0.1538
motion_01,2026-06-03T07:01:39.937238+00:00,64,138320,319,433.605,2505.0781,0.2969,0.0,0.0,0.3281,0.1875,0.1875,0.0,0.0,0.0,3,4,0.0625
motion_01,2026-06-03T07:06:39.937238+00:00,82,179631,382,470.2382,2359.4268,0.3415,0.0,0.0,0.378,0.2317,0.0488,0.0,0.0,0.0,3,4,0.1098
motion_01,2026-06-03T07:11:39.937238+00:00,40,76159,181,420.768,2141.55,0.375,0.0,0.0,0.375,0.175,0.075,0.0,0.0,0.0,3,4,0.1
motion_01,2026-06-03T07:16:39.937238+00:00,84,158456,379,418.0897,2452.5357,0.2619,0.0,0.0,0.4286,0.2381,0.0714,0.0,0.0,0.0,3,4,0.0952
motion_01,2026-06-03T07:21:39.937238+00:00,67,135021,344,392.5029,2207.8507,0.3731,0.0,0.0,0.3731,0.1791,0.0746,0.0,0.0,0.0,3,4,0.0746
motion_01,2026-06-03T07:26:39.937238+00:00,78,154328,384,401.8958,2762.6282,0.2179,0.0,0.0,0.4744,0.2179,0.0897,0.0,0.0,0.0,3,4,0.0513
motion_01,2026-06-03T07:31:39.937238+00:00,74,146155,402,363.5697,2270.6622,0.3108,0.0,0.0,0.4054,0.2027,0.0811,0.0,0.0,0.0,3,4,0.0946
motion_01,2026-06-03T07:36:39.937238+00:00,90,175004,416,420.6827,2740.1444,0.2889,0.0,0.0,0.3778,0.2444,0.0889,0.0,0.0,0.0,3,4,0.1
motion_01,2026-06-03T07:41:39.937238+00:00,83,159053,449,354.2383,2403.4699,0.3133,0.0,0.0,0.3855,0.2169,0.0843,0.0,0.0,0.0,3,4,0.0843
motion_01,2026-06-03T07:46:39.937238+00:00,59,114207,333,342.964,2460.7627,0.3051,0.0,0.0,0.4068,0.1525,0.1356,0.0,0.0,0.0,3,4,0.2373
motion_01,2026-06-03T07:51:39.937238+00:00,50,100430,240,418.4583,2620.92,0.32,0.0,0.0,0.34,0.26,0.08,0.0,0.0,0.0,3,4,0.1
motion_01,2026-06-03T07:56:39.937238+00:00,80,166898,432,386.338,2621.3625,0.3,0.0,0.0,0.4125,0.175,0.1125,0.0,0.0,0.0,3,4,0.1
motion_01,2026-06-03T08:01:39.937238+00:00,44,83786,208,402.8173,2612.7273,0.3182,0.0,0.0,0.4773,0.1364,0.0682,0.0,0.0,0.0,3,4,0.0682
motion_01,2026-06-03T08:06:39.937238+00:00,73,148561,405,366.8173,2613.5068,0.2603,0.0,0.0,0.4521,0.137,0.1507,0.0,0.0,0.0,3,4,0.1233
motion_01,2026-06-03T08:11:39.937238+00:00,69,133663,256,522.1211,2837.971,0.2319,0.0,0.0,0.3768,0.2754,0.1159,0.0,0.0,0.0,3,4,0.1304
motion_01,2026-06-03T08:16:39.937238+00:00,47,91282,218,418.7248,2259.4043,0.234,0.0,0.0,0.4255,0.2553,0.0851,0.0,0.0,0.0,3,4,0.0426
motion_01,2026-06-03T08:21:39.937238+00:00,79,162854,462,352.4978,2577.7342,0.2532,0.0,0.0,0.443,0.2152,0.0886,0.0,0.0,0.0,3,4,0.1013
motion_01,2026-06-03T08:26:39.937238+00:00,81,171994,565,304.4142,2638.6543,0.2593,0.0,0.0,0.3951,0.1975,0.1481,0.0,0.0,0.0,3,4,0.0617
motion_01,2026-06-03T08:31:39.937238+00:00,44,92356,225,410.4711,2827.3636,0.3636,0.0,0.0,0.3182,0.2273,0.0909,0.0,0.0,0.0,3,4,0.1591
motion_01,2026-06-03T08:36:39.937238+00:00,73,143902,403,357.0769,2442.6438,0.3836,0.0,0.0,0.3288,0.2055,0.0822,0.0,0.0,0.0,3,4,0.0822
motion_01,2026-06-03T08:41:39.937238+00:00,79,161587,405,398.9802,2684.3165,0.3797,0.0,0.0,0.3671,0.1139,0.1392,0.0,0.0,0.0,3,4,0.0759
motion_01,2026-06-03T08:46:39.937238+00:00,71,148289,320,463.4031,2178.2817,0.3662,0.0,0.0,0.3662,0.2113,0.0563,0.0,0.0,0.0,3,4,0.0563
motion_01,2026-06-03T08:51:39.937238+00:00,41,87778,228,384.9912,2291.439,0.2683,0.0,0.0,0.3659,0.2195,0.1463,0.0,0.0,0.0,3,4,0.0244
motion_01,2026-06-03T08:56:39.937238+00:00,68,128840,263,489.8859,2542.4706,0.3382,0.0,0.0,0.3824,0.1618,0.1176,0.0,0.0,0.0,3,4,0.0588
motion_01,2026-06-03T09:01:39.937238+00:00,63,128447,354,362.8446,2691.5079,0.3016,0.0,0.0,0.3492,0.254,0.0952,0.0,0.0,0.0,3,4,0.0476
motion_01,2026-06-03T09:06:39.937238+00:00,79,169183,460,367.7891,2414.443,0.2911,0.0,0.0,0.4051,0.1646,0.1392,0.0,0.0,0.0,3,4,0.0759
motion_01,2026-06-03T09:11:39.937238+00:00,55,104550,317,329.8107,2590.9273,0.2727,0.0,0.0,0.4545,0.2,0.0727,0.0,0.0,0.0,3,4,0.0182
motion_01,2026-06-03T09:16:39.937238+00:00,90,181569,479,379.0585,2730.5889,0.2333,0.0,0.0,0.4222,0.2222,0.1222,0.0,0.0,0.0,3,4,0.0778
motion_01,2026-06-03T09:21:39.937238+00:00,77,145678,521,279.6123,2544.8961,0.2208,0.0,0.0,0.4416,0.2468,0.0909,0.0,0.0,0.0,3,4,0.1688
motion_01,2026-06-03T09:26:39.937238+00:00,79,162351,496,327.3206,2603.7848,0.3291,0.0,0.0,0.3038,0.2658,0.1013,0.0,0.0,0.0,3,4,0.1139
motion_01,2026-06-03T09:31:39.937238+00:00,71,145349,351,414.0997,2198.9155,0.2535,0.0,0.0,0.3521,0.3099,0.0845,0.0,0.0,0.0,3,4,0.1268
motion_01,2026-06-03T09:36:39.937238+00:00,79,170423,408,417.7034,2826.1772,0.3038,0.0,0.0,0.3418,0.2278,0.1266,0.0,0.0,0.0,3,4,0.0759
motion_01,2026-06-03T09:41:39.937238+00:00,42,78872,166,475.1325,2310.0,0.2381,0.0,0.0,0.5238,0.1429,0.0952,0.0,0.0,0.0,3,4,0.1429
motion_01,2026-06-03T09:46:39.937238+00:00,49,90989,303,300.2937,2687.2041,0.3265,0.0,0.0,0.3265,0.2449,0.102,0.0,0.0,0.0,3,4,0.1224
motion_01,2026-06-03T09:51:39.937238+00:00,59,121572,244,498.2459,2266.2712,0.3051,0.0,0.0,0.4068,0.1695,0.1186,0.0,0.0,0.0,3,4,0.0847
motion_01,2026-06-03T09:56:39.937238+00:00,88,180905,495,365.4646,2522.875,0.1705,0.0,0.0,0.5455,0.1705,0.1136,0.0,0.0,0.0,3,4,0.0455
motion_01,2026-06-03T10:01:39.937238+00:00,85,162693,460,353.6804,2726.0,0.3059,0.0,0.0,0.3412,0.2471,0.1059,0.0,0.0,0.0,3,4,0.0588
motion_01,2026-06-03T10:06:39.937238+00:00,67,123575,293,421.7577,2609.5075,0.3284,0.0,0.0,0.2985,0.2537,0.1194,0.0,0.0,0.0,3,4,0.0597
motion_01,2026-06-03T10:11:39.937238+00:00,59,119387,280,426.3821,2226.7119,0.3559,0.0,0.0,0.3051,0.1356,0.2034,0.0,0.0,0.0,3,4,0.0678
motion_01,2026-06-03T10:16:39.937238+00:00,82,174341,522,333.9866,2337.1951,0.2683,0.0,0.0,0.439,0.1829,0.1098,0.0,0.0,0.0,3,4,0.0732
motion_01,2026-06-03T10:21:39.937238+00:00,80,146062,455,321.0154,2686.35,0.3,0.0,0.0,0.4125,0.25,0.0375,0.0,0.0,0.0,3,4,0.15
motion_01,2026-06-03T10:26:39.937238+00:00,85,169443,412,411.2694,2477.4941,0.3647,0.0,0.0,0.2824,0.2588,0.0941,0.0,0.0,0.0,3,4,0.0941
motion_01,2026-06-03T10:31:39.937238+00:00,79,166521,418,398.3756,2409.2405,0.2152,0.0,0.0,0.4177,0.2532,0.1139,0.0,0.0,0.0,3,4,0.0886
motion_01,2026-06-03T10:36:39.937238+00:00,64,130134,330,394.3455,2567.3438,0.2812,0.0,0.0,0.375,0.25,0.0938,0.0,0.0,0.0,3,4,0.0938
motion_01,2026-06-03T10:41:39.937238+00:00,81,158936,468,339.6068,2712.358,0.2469,0.0,0.0,0.3951,0.2593,0.0988,0.0,0.0,0.0,3,4,0.0864
motion_01,2026-06-03T10:46:39.937238+00:00,48,89221,244,365.6598,2321.6875,0.25,0.0,0.0,0.4583,0.2083,0.0833,0.0,0.0,0.0,3,4,0.0208
motion_01,2026-06-03T10:51:39.937238+00:00,56,120555,270,446.5,2474.2857,0.375,0.0,0.0,0.3036,0.1607,0.1607,0.0,0.0,0.0,3,4,0.1607
motion_01,2026-06-03T10:56:39.937238+00:00,89,170193,490,347.3327,2443.1798,0.2584,0.0,0.0,0.4494,0.2135,0.0787,0.0,0.0,0.0,3,4,0.0449
motion_01,2026-06-03T11:01:39.937238+00:00,47,96277,264,364.6856,3082.7234,0.4468,0.0,0.0,0.3617,0.1702,0.0213,0.0,0.0,0.0,3,4,0.0851
motion_01,2026-06-03T11:06:39.937238+00:00,46,98184,303,324.0396,2952.7826,0.3913,0.0,0.0,0.4348,0.1304,0.0435,0.0,0.0,0.0,3,4,0.1522
motion_01,2026-06-03T11:11:39.937238+00:00,69,134980,378,357.0899,2711.5362,0.3913,0.0,0.0,0.3478,0.1739,0.087,0.0,0.0,0.0,3,4,0.087
motion_01,2026-06-03T11:16:39.937238+00:00,56,124092,293,423.5222,2598.2857,0.1786,0.0,0.0,0.375,0.3036,0.1429,0.0,0.0,0.0,3,4,0.1607
motion_01,2026-06-03T11:21:39.937238+00:00,74,142674,431,331.0302,2356.2297,0.3243,0.0,0.0,0.3243,0.2568,0.0946,0.0,0.0,0.0,3,4,0.0946
motion_01,2026-06-03T11:26:39.937238+00:00,55,119363,403,296.1861,2786.0727,0.2,0.0,0.0,0.4727,0.2182,0.1091,0.0,0.0,0.0,3,4,0.1273
motion_01,2026-06-03T11:31:39.937238+00:00,61,129080,350,368.8,2475.9016,0.3279,0.0,0.0,0.459,0.1475,0.0656,0.0,0.0,0.0,3,4,0.1148
motion_01,2026-06-03T11:36:39.937238+00:00,79,150543,324,464.6389,2474.1266,0.3038,0.0,0.0,0.3544,0.2785,0.0633,0.0,0.0,0.0,3,4,0.1392
motion_01,2026-06-03T11:41:39.937238+00:00,69,133177,369,360.9133,2598.8841,0.3333,0.0,0.0,0.3768,0.1594,0.1304,0.0,0.0,0.0,3,4,0.029
motion_01,2026-06-03T11:46:39.937238+00:00,51,102102,266,383.8421,2580.4314,0.2157,0.0,0.0,0.549,0.1765,0.0588,0.0,0.0,0.0,3,4,0.1373
motion_01,2026-06-03T11:51:39.937238+00:00,74,153262,349,439.1461,2532.5811,0.2973,0.0,0.0,0.4865,0.1486,0.0676,0.0,0.0,0.0,3,4,0.0946
motion_01,2026-06-03T11:56:39.937238+00:00,74,131883,349,377.8883,2655.3514,0.3784,0.0,0.0,0.3514,0.2027,0.0676,0.0,0.0,0.0,3,4,0.0946
motion_01,2026-06-03T12:01:39.937238+00:00,84,183292,514,356.5992,2232.3095,0.3571,0.0,0.0,0.4286,0.1667,0.0476,0.0,0.0,0.0,3,4,0.131
motion_01,2026-06-03T12:06:39.937238+00:00,47,98759,256,385.7773,2695.4043,0.2979,0.0,0.0,0.5319,0.1489,0.0213,0.0,0.0,0.0,3,4,0.0638
motion_01,2026-06-03T12:11:39.937238+00:00,49,90285,233,387.4893,2395.2449,0.3061,0.0,0.0,0.3469,0.3061,0.0408,0.0,0.0,0.0,3,4,0.1224
motion_01,2026-06-03T12:16:39.937238+00:00,49,97703,315,310.1683,2339.102,0.2653,0.0,0.0,0.4286,0.2041,0.102,0.0,0.0,0.0,3,4,0.102
motion_01,2026-06-03T12:21:39.937238+00:00,79,160139,423,378.5792,2700.5823,0.2785,0.0,0.0,0.4177,0.2025,0.1013,0.0,0.0,0.0,3,4,0.0633
motion_01,2026-06-03T12:26:39.937238+00:00,50,100085,282,354.9113,2472.1,0.32,0.0,0.0,0.36,0.24,0.08,0.0,0.0,0.0,3,4,0.22
motion_01,2026-06-03T12:31:39.937238+00:00,80,158665,356,445.6882,2448.5375,0.2875,0.0,0.0,0.4125,0.2375,0.0625,0.0,0.0,0.0,3,4,0.1125
motion_01,2026-06-03T12:36:39.937238+00:00,72,145623,413,352.5981,2634.5417,0.4028,0.0,0.0,0.375,0.1389,0.0833,0.0,0.0,0.0,3,4,0.0833
motion_01,2026-06-03T12:41:39.937238+00:00,88,179596,398,451.2462,2406.5227,0.2841,0.0,0.0,0.4205,0.1705,0.125,0.0,0.0,0.0,3,4,0.0568
motion_01,2026-06-03T12:46:39.937238+00:00,55,105870,245,432.1224,2893.8909,0.2909,0.0,0.0,0.4,0.2364,0.0727,0.0,0.0,0.0,3,4,0.1091
motion_01,2026-06-03T12:51:39.937238+00:00,85,168132,427,393.7518,2325.5765,0.2824,0.0,0.0,0.4353,0.1529,0.1294,0.0,0.0,0.0,3,4,0.1059
motion_01,2026-06-03T12:56:39.937238+00:00,88,173708,454,382.6167,2518.2386,0.2273,0.0,0.0,0.4205,0.2614,0.0909,0.0,0.0,0.0,3,4,0.0455
motion_01,2026-06-03T13:01:39.937238+00:00,66,129751,386,336.1425,2478.2424,0.3182,0.0,0.0,0.3636,0.197,0.1212,0.0,0.0,0.0,3,4,0.1061
motion_01,2026-06-03T13:06:39.937238+00:00,66,132763,388,342.1727,2621.4848,0.303,0.0,0.0,0.4091,0.1515,0.1364,0.0,0.0,0.0,3,4,0.1818
motion_01,2026-06-03T13:11:39.937238+00:00,54,112990,287,393.6934,2849.8333,0.2963,0.0,0.0,0.4074,0.2407,0.0556,0.0,0.0,0.0,3,4,0.0741
motion_01,2026-06-03T13:16:39.937238+00:00,63,124286,332,374.3554,2654.0952,0.3651,0.0,0.0,0.3333,0.1905,0.1111,0.0,0.0,0.0,3,4,0.1111
motion_01,2026-06-03T13:21:39.937238+00:00,63,121166,290,417.8138,2486.3968,0.2222,0.0,0.0,0.5079,0.2063,0.0635,0.0,0.0,0.0,3,4,0.0794
motion_01,2026-06-03T13:26:39.937238+00:00,62,118195,298,396.6275,2450.6129,0.3548,0.0,0.0,0.4677,0.129,0.0484,0.0,0.0,0.0,3,4,0.0484
motion_01,2026-06-03T13:31:39.937238+00:00,41,89582,210,426.581,2503.122,0.3415,0.0,0.0,0.2683,0.2927,0.0976,0.0,0.0,0.0,3,4,0.0976
motion_01,2026-06-03T13:36:39.937238+00:00,90,188033,475,395.8589,2319.0222,0.3222,0.0,0.0,0.3556,0.2,0.1222,0.0,0.0,0.0,3,4,0.1222
motion_01,2026-06-03T13:41:39.937238+00:00,59,123954,279,444.2796,2857.2034,0.1695,0.0,0.0,0.339,0.3051,0.1864,0.0,0.0,0.0,3,4,0.1186
motion_01,2026-06-03T13:46:39.937238+00:00,43,80694,274,294.5036,2475.3256,0.4884,0.0,0.0,0.3023,0.1163,0.093,0.0,0.0,0.0,3,4,0.0465
motion_01,2026-06-03T13:51:39.937238+00:00,45,88821,206,431.1699,2561.7333,0.2889,0.0,0.0,0.4444,0.1333,0.1333,0.0,0.0,0.0,3,4,0.0444
motion_01,2026-06-03T13:56:39.937238+00:00,72,149237,335,445.4836,2558.8333,0.2222,0.0,0.0,0.4722,0.2222,0.0833,0.0,0.0,0.0,3,4,0.1389
gateway_01,2026-06-03T05:41:39.937238+00:00,84,189410,530,357.3774,2592.369,0.4048,0.0,0.0,0.3214,0.2024,0.0714,0.0,0.0,0.0,5,4,0.0952
gateway_01,2026-06-03T05:46:39.937238+00:00,67,133161,324,410.9907,2440.3433,0.2985,0.0,0.0,0.3881,0.209,0.1045,0.0,0.0,0.0,5,4,0.1045
gateway_01,2026-06-03T05:51:39.937238+00:00,78,164364,595,276.242,2530.2179,0.3333,0.0,0.0,0.4487,0.1923,0.0256,0.0,0.0,0.0,5,4,0.1282
gateway_01,2026-06-03T05:56:39.937238+00:00,89,174529,531,328.6798,2636.618,0.3258,0.0,0.0,0.4157,0.1798,0.0787,0.0,0.0,0.0,4,4,0.0562
gateway_01,2026-06-03T06:01:39.937238+00:00,75,151835,401,378.6409,2694.2133,0.24,0.0,0.0,0.3867,0.2267,0.1467,0.0,0.0,0.0,4,4,0.0933
gateway_01,2026-06-03T06:06:39.937238+00:00,42,84069,156,538.9038,2904.1905,0.381,0.0,0.0,0.2619,0.2619,0.0952,0.0,0.0,0.0,5,4,0.0952
gateway_01,2026-06-03T06:11:39.937238+00:00,53,98334,194,506.8763,2264.8679,0.2453,0.0,0.0,0.5094,0.1887,0.0566,0.0,0.0,0.0,4,4,0.1132
gateway_01,2026-06-03T06:16:39.937238+00:00,71,147870,424,348.75,2431.1408,0.2394,0.0,0.0,0.4085,0.2113,0.1408,0.0,0.0,0.0,4,4,0.0845
gateway_01,2026-06-03T06:21:39.937238+00:00,89,152630,408,374.0931,2706.5955,0.2921,0.0,0.0,0.4494,0.191,0.0674,0.0,0.0,0.0,5,4,0.0562
gateway_01,2026-06-03T06:26:39.937238+00:00,80,147707,356,414.9073,2568.9,0.3125,0.0,0.0,0.4,0.2,0.0875,0.0,0.0,0.0,5,4,0.1
gateway_01,2026-06-03T06:31:39.937238+00:00,87,162183,430,377.1698,2477.7356,0.3908,0.0,0.0,0.3448,0.1609,0.1034,0.0,0.0,0.0,5,4,0.0805
gateway_01,2026-06-03T06:36:39.937238+00:00,70,140488,441,318.5669,2437.7143,0.2143,0.0,0.0,0.4857,0.1857,0.1143,0.0,0.0,0.0,4,4,0.0714
gateway_01,2026-06-03T06:41:39.937238+00:00,77,164691,589,279.6112,2675.2338,0.3636,0.0,0.0,0.3636,0.1818,0.0909,0.0,0.0,0.0,5,4,0.1039
gateway_01,2026-06-03T06:46:39.937238+00:00,84,175241,450,389.4244,2410.119,0.2976,0.0,0.0,0.4167,0.1905,0.0952,0.0,0.0,0.0,5,4,0.0833
gateway_01,2026-06-03T06:51:39.937238+00:00,43,86689,257,337.3113,2098.4884,0.3023,0.0,0.0,0.3953,0.2558,0.0465,0.0,0.0,0.0,5,4,0.093
gateway_01,2026-06-03T06:56:39.937238+00:00,84,177079,425,416.6565,2605.8929,0.2619,0.0,0.0,0.4286,0.2024,0.1071,0.0,0.0,0.0,5,4,0.131
gateway_01,2026-06-03T07:01:39.937238+00:00,88,180847,559,323.5188,2527.9205,0.3182,0.0,0.0,0.3523,0.2045,0.125,0.0,0.0,0.0,5,4,0.0682
gateway_01,2026-06-03T07:06:39.937238+00:00,59,120834,473,255.463,2577.3729,0.2712,0.0,0.0,0.4068,0.2034,0.1186,0.0,0.0,0.0,5,4,0.1186
gateway_01,2026-06-03T07:11:39.937238+00:00,61,136132,356,382.3933,2432.5574,0.1803,0.0,0.0,0.4262,0.1967,0.1967,0.0,0.0,0.0,4,4,0.0656
gateway_01,2026-06-03T07:16:39.937238+00:00,75,156813,506,309.9071,2563.48,0.36,0.0,0.0,0.3867,0.1733,0.08,0.0,0.0,0.0,5,4,0.0667
gateway_01,2026-06-03T07:21:39.937238+00:00,70,142940,393,363.715,2149.0714,0.2429,0.0,0.0,0.4143,0.3143,0.0286,0.0,0.0,0.0,5,4,0.1286
gateway_01,2026-06-03T07:26:39.937238+00:00,80,156264,512,305.2031,2537.925,0.2875,0.0,0.0,0.4,0.2,0.1125,0.0,0.0,0.0,5,4,0.1
gateway_01,2026-06-03T07:31:39.937238+00:00,85,167086,420,397.8238,2413.7647,0.2941,0.0,0.0,0.4,0.2,0.1059,0.0,0.0,0.0,4,4,0.0824
gateway_01,2026-06-03T07:36:39.937238+00:00,77,148889,388,383.7345,2467.4026,0.3377,0.0,0.0,0.4026,0.1558,0.1039,0.0,0.0,0.0,5,4,0.1558
gateway_01,2026-06-03T07:41:39.937238+00:00,49,89626,221,405.5475,2511.3878,0.2857,0.0,0.0,0.449,0.1837,0.0816,0.0,0.0,0.0,4,4,0.0408
gateway_01,2026-06-03T07:46:39.937238+00:00,50,92630,210,441.0952,2812.74,0.4,0.0,0.0,0.36,0.14,0.1,0.0,0.0,0.0,4,4,0.06
gateway_01,2026-06-03T07:51:39.937238+00:00,46,91657,269,340.7323,2343.413,0.2826,0.0,0.0,0.3696,0.2391,0.1087,0.0,0.0,0.0,5,4,0.1304
gateway_01,2026-06-03T07:56:39.937238+00:00,41,84324,194,434.6598,2548.1707,0.3171,0.0,0.0,0.3659,0.2683,0.0488,0.0,0.0,0.0,5,4,0.0732
gateway_01,2026-06-03T08:01:39.937238+00:00,74,152059,319,476.674,2697.7703,0.2162,0.0,0.0,0.4595,0.2027,0.1216,0.0,0.0,0.0,5,4,0.1081
gateway_01,2026-06-03T08:06:39.937238+00:00,61,119210,247,482.6316,2646.7213,0.3607,0.0,0.0,0.3115,0.1148,0.2131,0.0,0.0,0.0,5,4,0.1475
gateway_01,2026-06-03T08:11:39.937238+00:00,51,99194,330,300.5879,2078.6863,0.2745,0.0,0.0,0.4118,0.1765,0.1373,0.0,0.0,0.0,5,4,0.1176
gateway_01,2026-06-03T08:16:39.937238+00:00,83,151813,363,418.2176,2596.8072,0.2289,0.0,0.0,0.506,0.1687,0.0964,0.0,0.0,0.0,5,4,0.0964
gateway_01,2026-06-03T08:21:39.937238+00:00,42,85562,243,352.107,2441.7619,0.4048,0.0,0.0,0.2619,0.2381,0.0952,0.0,0.0,0.0,5,4,0.1667
gateway_01,2026-06-03T08:26:39.937238+00:00,89,173565,399,435.0,2656.382,0.1798,0.0,0.0,0.4607,0.2472,0.1124,0.0,0.0,0.0,5,4,0.0674
gateway_01,2026-06-03T08:31:39.937238+00:00,74,150732,338,445.9527,2439.2162,0.2973,0.0,0.0,0.3784,0.2162,0.1081,0.0,0.0,0.0,5,4,0.0676
gateway_01,2026-06-03T08:36:39.937238+00:00,56,115448,410,281.5805,2405.6071,0.375,0.0,0.0,0.3393,0.1964,0.0893,0.0,0.0,0.0,5,4,0.1071
gateway_01,2026-06-03T08:41:39.937238+00:00,78,150826,397,379.9144,2443.8333,0.2692,0.0,0.0,0.3846,0.2436,0.1026,0.0,0.0,0.0,5,4,0.141
gateway_01,2026-06-03T08:46:39.937238+00:00,76,147745,429,344.3939,2740.0921,0.2632,0.0,0.0,0.4211,0.25,0.0658,0.0,0.0,0.0,5,4,0.0395
gateway_01,2026-06-03T08:51:39.937238+00:00,90,168058,552,304.4529,2630.5667,0.3,0.0,0.0,0.3556,0.2222,0.1222,0.0,0.0,0.0,5,4,0.0778
gateway_01,2026-06-03T08:56:39.937238+00:00,62,126963,337,376.7448,2723.0,0.3226,0.0,0.0,0.3226,0.2581,0.0968,0.0,0.0,0.0,5,4,0.129
gateway_01,2026-06-03T09:01:39.937238+00:00,63,120607,376,320.7633,2587.6349,0.381,0.0,0.0,0.3651,0.1905,0.0635,0.0,0.0,0.0,3,4,0.0317
gateway_01,2026-06-03T09:06:39.937238+00:00,56,120088,276,435.1014,2257.7857,0.1786,0.0,0.0,0.4107,0.3036,0.1071,0.0,0.0,0.0,5,4,0.1429
gateway_01,2026-06-03T09:11:39.937238+00:00,80,161882,512,316.1758,2541.05,0.275,0.0,0.0,0.4125,0.2,0.1125,0.0,0.0,0.0,5,4,0.0875
gateway_01,2026-06-03T09:16:39.937238+00:00,59,113163,388,291.6572,2934.3898,0.2881,0.0,0.0,0.4237,0.1356,0.1525,0.0,0.0,0.0,4,4,0.0847
gateway_01,2026-06-03T09:21:39.937238+00:00,58,121912,250,487.648,2281.9828,0.2931,0.0,0.0,0.5172,0.1379,0.0517,0.0,0.0,0.0,5,4,0.1034
gateway_01,2026-06-03T09:26:39.937238+00:00,66,131677,351,375.1481,2247.303,0.303,0.0,0.0,0.4394,0.1667,0.0909,0.0,0.0,0.0,3,4,0.0455
gateway_01,2026-06-03T09:31:39.937238+00:00,78,162613,483,336.6729,2635.0256,0.3077,0.0,0.0,0.359,0.2308,0.1026,0.0,0.0,0.0,5,4,0.0769
gateway_01,2026-06-03T09:36:39.937238+00:00,53,95746,254,376.9528,2603.1887,0.3019,0.0,0.0,0.5094,0.1321,0.0566,0.0,0.0,0.0,4,4,0.0755
gateway_01,2026-06-03T09:41:39.937238+00:00,48,93121,235,396.2596,2416.0208,0.375,0.0,0.0,0.3125,0.25,0.0625,0.0,0.0,0.0,5,4,0.1458
gateway_01,2026-06-03T09:46:39.937238+00:00,90,181575,521,348.5125,2399.1,0.2333,0.0,0.0,0.4,0.2222,0.1444,0.0,0.0,0.0,5,4,0.1333
gateway_01,2026-06-03T09:51:39.937238+00:00,72,138056,338,408.4497,2328.9028,0.2917,0.0,0.0,0.4583,0.1806,0.0694,0.0,0.0,0.0,5,4,0.0833
gateway_01,2026-06-03T09:56:39.937238+00:00,68,142372,478,297.8494,2240.3529,0.3088,0.0,0.0,0.4559,0.1324,0.1029,0.0,0.0,0.0,4,4,0.0882
gateway_01,2026-06-03T10:01:39.937238+00:00,50,104788,329,318.5046,2372.48,0.32,0.0,0.0,0.42,0.14,0.12,0.0,0.0,0.0,4,4,0.06
gateway_01,2026-06-03T10:06:39.937238+00:00,61,125550,384,326.9531,2550.2295,0.2787,0.0,0.0,0.3279,0.2131,0.1803,0.0,0.0,0.0,4,4,0.082
gateway_01,2026-06-03T10:11:39.937238+00:00,56,109810,318,345.3145,2524.7857,0.2857,0.0,0.0,0.375,0.2321,0.1071,0.0,0.0,0.0,4,4,0.1071
gateway_01,2026-06-03T10:16:39.937238+00:00,44,84341,212,397.8349,2693.8864,0.2273,0.0,0.0,0.5227,0.2045,0.0455,0.0,0.0,0.0,5,4,0.1818
gateway_01,2026-06-03T10:21:39.937238+00:00,59,117902,416,283.4183,2354.1695,0.2881,0.0,0.0,0.4237,0.2034,0.0847,0.0,0.0,0.0,5,4,0.1356
gateway_01,2026-06-03T10:26:39.937238+00:00,87,181090,585,309.5556,2403.9425,0.3103,0.0,0.0,0.4253,0.1494,0.1149,0.0,0.0,0.0,5,4,0.0805
gateway_01,2026-06-03T10:31:39.937238+00:00,46,102761,295,348.3424,2645.7174,0.3696,0.0,0.0,0.3478,0.1957,0.087,0.0,0.0,0.0,3,4,0.0217
gateway_01,2026-06-03T10:36:39.937238+00:00,77,145622,346,420.8728,2366.8571,0.2857,0.0,0.0,0.3766,0.1299,0.2078,0.0,0.0,0.0,5,4,0.0649
gateway_01,2026-06-03T10:41:39.937238+00:00,55,121446,301,403.4751,2374.1636,0.2545,0.0,0.0,0.4182,0.2364,0.0909,0.0,0.0,0.0,5,4,0.0909
gateway_01,2026-06-03T10:46:39.937238+00:00,42,89824,188,477.7872,2576.881,0.3571,0.0,0.0,0.3333,0.2619,0.0476,0.0,0.0,0.0,5,4,0.1667
gateway_01,2026-06-03T10:51:39.937238+00:00,76,149203,364,409.8984,2696.0789,0.25,0.0,0.0,0.3553,0.2895,0.1053,0.0,0.0,0.0,5,4,0.1316
gateway_01,2026-06-03T10:56:39.937238+00:00,85,164445,467,352.1306,2718.3765,0.2353,0.0,0.0,0.5059,0.1647,0.0941,0.0,0.0,0.0,5,4,0.0471
gateway_01,2026-06-03T11:01:39.937238+00:00,59,99678,332,300.2349,2721.3729,0.2034,0.0,0.0,0.5254,0.2203,0.0508,0.0,0.0,0.0,4,4,0.0678
gateway_01,2026-06-03T11:06:39.937238+00:00,46,84655,225,376.2444,2851.7391,0.3696,0.0,0.0,0.3478,0.1304,0.1522,0.0,0.0,0.0,4,4,0.0652
gateway_01,2026-06-03T11:11:39.937238+00:00,45,100102,215,465.5907,2272.8667,0.2444,0.0,0.0,0.3556,0.2667,0.1333,0.0,0.0,0.0,4,4,0.0667
gateway_01,2026-06-03T11:16:39.937238+00:00,88,180491,460,392.3717,2240.1364,0.3182,0.0,0.0,0.2955,0.2159,0.1705,0.0,0.0,0.0,5,4,0.1136
gateway_01,2026-06-03T11:21:39.937238+00:00,67,126994,338,375.7219,2529.1642,0.3731,0.0,0.0,0.3881,0.194,0.0448,0.0,0.0,0.0,5,4,0.0746
gateway_01,2026-06-03T11:26:39.937238+00:00,42,89265,233,383.1116,2803.2143,0.2381,0.0,0.0,0.4048,0.2619,0.0952,0.0,0.0,0.0,4,4,0.0952
gateway_01,2026-06-03T11:31:39.937238+00:00,56,118345,241,491.0581,2639.9821,0.3393,0.0,0.0,0.4286,0.1786,0.0536,0.0,0.0,0.0,5,4,0.0714
gateway_01,2026-06-03T11:36:39.937238+00:00,90,174308,398,437.9598,2379.5889,0.3778,0.0,0.0,0.3444,0.2111,0.0667,0.0,0.0,0.0,5,4,0.1333
gateway_01,2026-06-03T11:41:39.937238+00:00,49,99551,266,374.2519,2799.1633,0.1837,0.0,0.0,0.4898,0.2041,0.1224,0.0,0.0,0.0,3,4,0.0612
gateway_01,2026-06-03T11:46:39.937238+00:00,87,160665,530,303.1415,2459.9425,0.2989,0.0,0.0,0.4138,0.1724,0.1149,0.0,0.0,0.0,5,4,0.092
gateway_01,2026-06-03T11:51:39.937238+00:00,63,122479,304,402.8914,2365.2381,0.3175,0.0,0.0,0.4286,0.1746,0.0794,0.0,0.0,0.0,5,4,0.1429
gateway_01,2026-06-03T11:56:39.937238+00:00,81,155819,432,360.6921,2562.0617,0.3951,0.0,0.0,0.358,0.1481,0.0988,0.0,0.0,0.0,5,4,0.0864
gateway_01,2026-06-03T12:01:39.937238+00:00,64,123709,282,438.6844,2392.625,0.2031,0.0,0.0,0.5,0.2031,0.0938,0.0,0.0,0.0,4,4,0.1406
gateway_01,2026-06-03T12:06:39.937238+00:00,73,143101,443,323.0271,2645.1507,0.3151,0.0,0.0,0.3699,0.1781,0.137,0.0,0.0,0.0,5,4,0.1096
gateway_01,2026-06-03T12:11:39.937238+00:00,87,169380,504,336.0714,2506.9195,0.2989,0.0,0.0,0.3448,0.1954,0.1609,0.0,0.0,0.0,4,4,0.069
gateway_01,2026-06-03T12:16:39.937238+00:00,64,132137,411,321.5012,2194.8281,0.3438,0.0,0.0,0.375,0.1406,0.1406,0.0,0.0,0.0,4,4,0.0469
gateway_01,2026-06-03T12:21:39.937238+00:00,80,151597,413,367.063,2799.125,0.3125,0.0,0.0,0.425,0.225,0.0375,0.0,0.0,0.0,5,4,0.0875
gateway_01,2026-06-03T12:26:39.937238+00:00,63,121695,315,386.3333,2479.1746,0.3016,0.0,0.0,0.4286,0.2063,0.0635,0.0,0.0,0.0,5,4,0.127
gateway_01,2026-06-03T12:31:39.937238+00:00,90,192773,444,434.1734,2401.0556,0.2778,0.0,0.0,0.3889,0.1667,0.1667,0.0,0.0,0.0,5,4,0.1222
gateway_01,2026-06-03T12:36:39.937238+00:00,64,123982,468,264.9188,2607.1562,0.3594,0.0,0.0,0.375,0.1562,0.1094,0.0,0.0,0.0,4,4,0.0625
gateway_01,2026-06-03T12:41:39.937238+00:00,50,102314,296,345.6554,2744.6,0.32,0.0,0.0,0.3,0.24,0.14,0.0,0.0,0.0,5,4,0.12
gateway_01,2026-06-03T12:46:39.937238+00:00,66,134931,350,385.5171,2517.5758,0.3333,0.0,0.0,0.3182,0.2273,0.1212,0.0,0.0,0.0,5,4,0.1364
gateway_01,2026-06-03T12:51:39.937238+00:00,67,125007,406,307.899,2538.0896,0.3731,0.0,0.0,0.3731,0.1791,0.0746,0.0,0.0,0.0,4,4,0.0896
gateway_01,2026-06-03T12:56:39.937238+00:00,74,138955,373,372.5335,2702.8108,0.3108,0.0,0.0,0.4459,0.1216,0.1216,0.0,0.0,0.0,4,4,0.0811
gateway_01,2026-06-03T13:01:39.937238+00:00,69,139043,362,384.0967,2349.4783,0.3043,0.0,0.0,0.3768,0.1884,0.1304,0.0,0.0,0.0,5,4,0.1304
gateway_01,2026-06-03T13:06:39.937238+00:00,80,156140,522,299.1188,2312.95,0.2625,0.0,0.0,0.4375,0.2,0.1,0.0,0.0,0.0,5,4,0.1
gateway_01,2026-06-03T13:11:39.937238+00:00,70,138099,365,378.3534,2098.3857,0.2714,0.0,0.0,0.4286,0.2,0.1,0.0,0.0,0.0,5,4,0.1571
gateway_01,2026-06-03T13:16:39.937238+00:00,58,119464,339,352.4012,2419.3793,0.3276,0.0,0.0,0.3621,0.2241,0.0862,0.0,0.0,0.0,5,4,0.1207
gateway_01,2026-06-03T13:21:39.937238+00:00,68,130079,279,466.233,2593.3529,0.3235,0.0,0.0,0.3088,0.1765,0.1912,0.0,0.0,0.0,5,4,0.1029
gateway_01,2026-06-03T13:26:39.937238+00:00,49,95254,262,363.5649,2306.5306,0.3469,0.0,0.0,0.4286,0.1224,0.102,0.0,0.0,0.0,4,4,0.0612
gateway_01,2026-06-03T13:31:39.937238+00:00,77,162814,426,382.1925,2583.3247,0.4156,0.0,0.0,0.2857,0.1818,0.1169,0.0,0.0,0.0,5,4,0.0779
gateway_01,2026-06-03T13:36:39.937238+00:00,70,120720,335,360.3582,2670.6429,0.3,0.0,0.0,0.3286,0.2143,0.1571,0.0,0.0,0.0,4,4,0.0429
gateway_01,2026-06-03T13:41:39.937238+00:00,73,145429,458,317.5306,2570.7671,0.274,0.0,0.0,0.4384,0.2329,0.0548,0.0,0.0,0.0,4,4,0.0274
gateway_01,2026-06-03T13:46:39.937238+00:00,40,89403,276,323.9239,2342.8,0.275,0.0,0.0,0.35,0.225,0.15,0.0,0.0,0.0,5,4,0.175
gateway_01,2026-06-03T13:51:39.937238+00:00,81,174709,400,436.7725,2595.4444,0.2099,0.0,0.0,0.4938,0.1481,0.1481,0.0,0.0,0.0,5,4,0.0741
gateway_01,2026-06-03T13:56:39.937238+00:00,50,101515,230,441.3696,2637.9,0.26,0.0,0.0,0.42,0.24,0.08,0.0,0.0,0.0,5,4,0.08
cam_02,2026-06-03T05:41:39.937238+00:00,57,822444,1205,682.5261,2580.1579,0.0,0.0,0.2456,0.0702,0.1053,0.5789,0.0,0.0,0.0,3,5,0.0351
cam_02,2026-06-03T05:46:39.937238+00:00,47,649627,1528,425.1486,2458.7234,0.0,0.0,0.1702,0.2128,0.1277,0.4894,0.0,0.0,0.0,3,5,0.1277
cam_02,2026-06-03T05:51:39.937238+00:00,74,1143462,2297,497.8067,2230.527,0.0,0.0,0.2027,0.1892,0.1351,0.473,0.0,0.0,0.0,3,5,0.1622
cam_02,2026-06-03T05:56:39.937238+00:00,40,576503,1689,341.328,2487.275,0.0,0.0,0.25,0.175,0.025,0.55,0.0,0.0,0.0,2,5,0.0
cam_02,2026-06-03T06:01:39.937238+00:00,56,845624,1649,512.8102,2804.0179,0.0,0.0,0.25,0.0714,0.0714,0.6071,0.0,0.0,0.0,3,5,0.2143
cam_02,2026-06-03T06:06:39.937238+00:00,60,909123,1754,518.3141,2263.05,0.0,0.0,0.2667,0.1833,0.0667,0.4833,0.0,0.0,0.0,3,5,0.1833
cam_02,2026-06-03T06:11:39.937238+00:00,40,604306,1196,505.2726,2828.425,0.0,0.0,0.35,0.175,0.05,0.425,0.0,0.0,0.0,3,5,0.15
cam_02,2026-06-03T06:16:39.937238+00:00,65,901512,2124,424.4407,2633.9692,0.0,0.0,0.2615,0.1538,0.0769,0.5077,0.0,0.0,0.0,3,5,0.0923
cam_02,2026-06-03T06:21:39.937238+00:00,66,1016558,2315,439.1179,2432.6061,0.0,0.0,0.1818,0.1061,0.1212,0.5909,0.0,0.0,0.0,3,4,0.1364
cam_02,2026-06-03T06:26:39.937238+00:00,44,672770,1098,612.7231,2382.1591,0.0,0.0,0.2045,0.0909,0.0455,0.6591,0.0,0.0,0.0,3,5,0.1591
cam_02,2026-06-03T06:31:39.937238+00:00,43,628393,1068,588.383,2560.093,0.0,0.0,0.3488,0.1163,0.1395,0.3953,0.0,0.0,0.0,3,5,0.1628
cam_02,2026-06-03T06:36:39.937238+00:00,86,1325792,3122,424.6611,2404.9302,0.0,0.0,0.314,0.0698,0.0814,0.5349,0.0,0.0,0.0,3,5,0.1628
cam_02,2026-06-03T06:41:39.937238+00:00,45,632733,1460,433.3788,2469.8222,0.0,0.0,0.2222,0.1556,0.0667,0.5556,0.0,0.0,0.0,3,5,0.2
cam_02,2026-06-03T06:46:39.937238+00:00,73,1172697,2674,438.5553,2378.1644,0.0,0.0,0.274,0.1233,0.0685,0.5342,0.0,0.0,0.0,3,5,0.1233
cam_02,2026-06-03T06:51:39.937238+00:00,51,810167,1892,428.2067,1829.549,0.0,0.0,0.1961,0.1765,0.098,0.5294,0.0,0.0,0.0,3,5,0.1569
cam_02,2026-06-03T06:56:39.937238+00:00,48,731296,1132,646.0212,2346.2708,0.0,0.0,0.2708,0.1875,0.1042,0.4375,0.0,0.0,0.0,3,5,0.0417
cam_02,2026-06-03T07:01:39.937238+00:00,46,716547,1676,427.534,2555.4348,0.0,0.0,0.2174,0.1087,0.087,0.587,0.0,0.0,0.0,3,5,0.1739
cam_02,2026-06-03T07:06:39.937238+00:00,81,1282360,2983,429.8894,2615.1481,0.0,0.0,0.1605,0.1358,0.1235,0.5802,0.0,0.0,0.0,3,5,0.1358
cam_02,2026-06-03T07:11:39.937238+00:00,87,1233382,3666,336.4381,2415.2644,0.0,0.0,0.2529,0.1839,0.0805,0.4828,0.0,0.0,0.0,3,5,0.1034
cam_02,2026-06-03T07:16:39.937238+00:00,80,1243721,2560,485.8285,2288.2875,0.0,0.0,0.3625,0.1375,0.0875,0.4125,0.0,0.0,0.0,3,5,0.275
cam_02,2026-06-03T07:21:39.937238+00:00,50,769974,1636,470.6443,2321.34,0.0,0.0,0.18,0.14,0.12,0.56,0.0,0.0,0.0,3,5,0.16
cam_02,2026-06-03T07:26:39.937238+00:00,74,1121986,2255,497.5548,2334.5676,0.0,0.0,0.2297,0.1351,0.0946,0.5405,0.0,0.0,0.0,3,4,0.1216
cam_02,2026-06-03T07:31:39.937238+00:00,50,699745,1229,569.3613,2361.32,0.0,0.0,0.34,0.14,0.08,0.44,0.0,0.0,0.0,3,5,0.12
cam_02,2026-06-03T07:36:39.937238+00:00,70,1029042,2310,445.4727,2488.0429,0.0,0.0,0.2143,0.1429,0.0714,0.5714,0.0,0.0,0.0,3,5,0.1714
cam_02,2026-06-03T07:41:39.937238+00:00,67,937542,1946,481.779,2378.0,0.0,0.0,0.2537,0.1642,0.1194,0.4627,0.0,0.0,0.0,3,5,0.1493
cam_02,2026-06-03T07:46:39.937238+00:00,86,1286473,2045,629.0822,2087.5116,0.0,0.0,0.2326,0.1744,0.093,0.5,0.0,0.0,0.0,3,5,0.1512
cam_02,2026-06-03T07:51:39.937238+00:00,73,1108152,2351,471.3535,2689.6027,0.0,0.0,0.3151,0.1644,0.0822,0.4384,0.0,0.0,0.0,3,5,0.0959
cam_02,2026-06-03T07:56:39.937238+00:00,58,891316,2002,445.2128,2338.3103,0.0,0.0,0.1897,0.2414,0.069,0.5,0.0,0.0,0.0,3,5,0.1034
cam_02,2026-06-03T08:01:39.937238+00:00,41,612561,1091,561.4675,2627.1951,0.0,0.0,0.3415,0.0976,0.0732,0.4878,0.0,0.0,0.0,3,5,0.2439
cam_02,2026-06-03T08:06:39.937238+00:00,54,861602,2209,390.0416,2833.1481,0.0,0.0,0.1852,0.1481,0.1481,0.5185,0.0,0.0,0.0,3,5,0.1296
cam_02,2026-06-03T08:11:39.937238+00:00,75,1039280,2416,430.1656,2536.3467,0.0,0.0,0.1867,0.1333,0.1067,0.5733,0.0,0.0,0.0,3,5,0.16
cam_02,2026-06-03T08:16:39.937238+00:00,87,1262796,2514,502.3055,2785.2989,0.0,0.0,0.2414,0.1149,0.1149,0.5287,0.0,0.0,0.0,3,5,0.1609
cam_02,2026-06-03T08:21:39.937238+00:00,63,968894,2208,438.8107,2799.5238,0.0,0.0,0.1746,0.1111,0.1429,0.5714,0.0,0.0,0.0,3,5,0.1429
cam_02,2026-06-03T08:26:39.937238+00:00,44,635553,1562,406.8841,2506.3409,0.0,0.0,0.2727,0.1136,0.0227,0.5909,0.0,0.0,0.0,3,5,0.1364
cam_02,2026-06-03T08:31:39.937238+00:00,56,835364,2165,385.8494,2368.8929,0.0,0.0,0.1964,0.125,0.0893,0.5893,0.0,0.0,0.0,3,5,0.1786
cam_02,2026-06-03T08:36:39.937238+00:00,82,1286441,3109,413.7797,2546.939,0.0,0.0,0.2683,0.1829,0.0732,0.4756,0.0,0.0,0.0,3,5,0.0854
cam_02,2026-06-03T08:41:39.937238+00:00,88,1271431,2619,485.4643,2703.4205,0.0,0.0,0.2955,0.0795,0.1477,0.4773,0.0,0.0,0.0,3,5,0.1818
cam_02,2026-06-03T08:46:39.937238+00:00,83,1173838,2388,491.557,2409.4337,0.0,0.0,0.3012,0.2048,0.0241,0.4699,0.0,0.0,0.0,3,5,0.1446
cam_02,2026-06-03T08:51:39.937238+00:00,48,718065,1494,480.6325,2717.5208,0.0,0.0,0.3125,0.125,0.1458,0.4167,0.0,0.0,0.0,3,5,0.1042
cam_02,2026-06-03T08:56:39.937238+00:00,65,998429,2292,435.6147,2308.5538,0.0,0.0,0.3385,0.1538,0.0308,0.4769,0.0,0.0,0.0,3,5,0.0615
cam_02,2026-06-03T09:01:39.937238+00:00,79,1155913,2501,462.1803,2505.2911,0.0,0.0,0.3291,0.1519,0.0506,0.4684,0.0,0.0,0.0,3,5,0.2658
cam_02,2026-06-03T09:06:39.937238+00:00,74,1120693,2410,465.0178,2662.7297,0.0,0.0,0.2027,0.1892,0.0946,0.5135,0.0,0.0,0.0,3,5,0.1081
cam_02,2026-06-03T09:11:39.937238+00:00,48,659813,1325,497.9721,2459.2708,0.0,0.0,0.2708,0.125,0.1042,0.5,0.0,0.0,0.0,3,5,0.1042
cam_02,2026-06-03T09:16:39.937238+00:00,74,1109324,2248,493.4715,2181.2297,0.0,0.0,0.3649,0.1351,0.027,0.473,0.0,0.0,0.0,3,5,0.1351
cam_02,2026-06-03T09:21:39.937238+00:00,73,1108907,2412,459.7459,2432.411,0.0,0.0,0.2603,0.1644,0.0822,0.4932,0.0,0.0,0.0,3,5,0.137
cam_02,2026-06-03T09:26:39.937238+00:00,78,1156105,2259,511.7773,2375.0897,0.0,0.0,0.3333,0.1154,0.141,0.4103,0.0,0.0,0.0,3,5,0.1923
cam_02,2026-06-03T09:31:39.937238+00:00,84,1205995,2702,446.3342,2443.3452,0.0,0.0,0.2262,0.2024,0.1071,0.4643,0.0,0.0,0.0,3,5,0.119
cam_02,2026-06-03T09:36:39.937238+00:00,73,1166281,2445,477.0065,2536.0274,0.0,0.0,0.3151,0.1644,0.0411,0.4795,0.0,0.0,0.0,3,5,0.137
cam_02,2026-06-03T09:41:39.937238+00:00,41,665829,1690,393.9817,2703.8537,0.0,0.0,0.1951,0.1463,0.0488,0.6098,0.0,0.0,0.0,3,5,0.1707
cam_02,2026-06-03T09:46:39.937238+00:00,80,1287267,2650,485.7611,2316.0,0.0,0.0,0.225,0.1875,0.075,0.5125,0.0,0.0,0.0,3,5,0.2125
cam_02,2026-06-03T09:51:39.937238+00:00,48,707326,1379,512.9268,2452.4583,0.0,0.0,0.2083,0.0833,0.1875,0.5208,0.0,0.0,0.0,3,5,0.2083
cam_02,2026-06-03T09:56:39.937238+00:00,45,711764,1074,662.7225,2974.2667,0.0,0.0,0.2889,0.1333,0.0889,0.4889,0.0,0.0,0.0,3,5,0.0889
cam_02,2026-06-03T10:01:39.937238+00:00,75,1124118,2666,421.6497,2430.4133,0.0,0.0,0.2133,0.1467,0.08,0.56,0.0,0.0,0.0,3,5,0.1333
cam_02,2026-06-03T10:06:39.937238+00:00,60,914305,2005,456.0125,2359.2167,0.0,0.0,0.25,0.0833,0.1333,0.5333,0.0,0.0,0.0,3,5,0.0833
cam_02,2026-06-03T10:11:39.937238+00:00,77,1163217,2518,461.9607,2589.6234,0.0,0.0,0.2208,0.1169,0.1299,0.5325,0.0,0.0,0.0,3,5,0.1299
cam_02,2026-06-03T10:16:39.937238+00:00,70,1084044,2149,504.4411,2736.4,0.0,0.0,0.2429,0.1571,0.1143,0.4857,0.0,0.0,0.0,3,5,0.0857
cam_02,2026-06-03T10:21:39.937238+00:00,63,979937,2112,463.9853,2407.2857,0.0,0.0,0.2222,0.1905,0.0952,0.4921,0.0,0.0,0.0,3,5,0.2222
cam_02,2026-06-03T10:26:39.937238+00:00,81,1160455,2794,415.3382,2312.716,0.0,0.0,0.2099,0.1728,0.0988,0.5185,0.0,0.0,0.0,3,5,0.1605
cam_02,2026-06-03T10:31:39.937238+00:00,67,1012269,2198,460.5409,2476.6269,0.0,0.0,0.2836,0.1493,0.0896,0.4776,0.0,0.0,0.0,3,5,0.1493
cam_02,2026-06-03T10:36:39.937238+00:00,54,881539,2128,414.257,2379.1667,0.0,0.0,0.2407,0.1296,0.0741,0.5556,0.0,0.0,0.0,3,5,0.2407
cam_02,2026-06-03T10:41:39.937238+00:00,49,806279,1439,560.3051,2386.1429,0.0,0.0,0.1837,0.102,0.2041,0.5102,0.0,0.0,0.0,3,5,0.1224
cam_02,2026-06-03T10:46:39.937238+00:00,88,1318884,3061,430.867,2453.1477,0.0,0.0,0.2727,0.0909,0.1136,0.5227,0.0,0.0,0.0,3,5,0.1818
cam_02,2026-06-03T10:51:39.937238+00:00,59,922066,1517,607.822,2513.2034,0.0,0.0,0.2542,0.2712,0.0847,0.3898,0.0,0.0,0.0,3,5,0.2373
cam_02,2026-06-03T10:56:39.937238+00:00,82,1184016,2350,503.8366,2622.4634,0.0,0.0,0.2317,0.1463,0.122,0.5,0.0,0.0,0.0,3,5,0.1098
cam_02,2026-06-03T11:01:39.937238+00:00,42,615673,1364,451.3732,2448.2857,0.0,0.0,0.3333,0.1667,0.0476,0.4524,0.0,0.0,0.0,3,5,0.1667
cam_02,2026-06-03T11:06:39.937238+00:00,55,843248,1941,434.44,2501.0,0.0,0.0,0.3636,0.0727,0.0727,0.4909,0.0,0.0,0.0,3,5,0.0909
cam_02,2026-06-03T11:11:39.937238+00:00,51,730746,2008,363.9173,2378.5882,0.0,0.0,0.2941,0.098,0.0784,0.5294,0.0,0.0,0.0,3,5,0.1765
cam_02,2026-06-03T11:16:39.937238+00:00,54,821789,1615,508.8477,2246.2407,0.0,0.0,0.2222,0.1852,0.1481,0.4444,0.0,0.0,0.0,3,5,0.1667
cam_02,2026-06-03T11:21:39.937238+00:00,79,1208086,1911,632.1748,2552.8861,0.0,0.0,0.2658,0.1139,0.1392,0.481,0.0,0.0,0.0,3,5,0.1646
cam_02,2026-06-03T11:26:39.937238+00:00,48,695372,1483,468.8955,2373.2083,0.0,0.0,0.1458,0.2292,0.0833,0.5417,0.0,0.0,0.0,3,5,0.1875
cam_02,2026-06-03T11:31:39.937238+00:00,77,1198544,2196,545.7851,2387.3636,0.0,0.0,0.2078,0.1169,0.0779,0.5974,0.0,0.0,0.0,3,5,0.1558
cam_02,2026-06-03T11:36:39.937238+00:00,47,736252,1797,409.7117,2503.8085,0.0,0.0,0.2979,0.0851,0.1064,0.5106,0.0,0.0,0.0,3,5,0.0638
cam_02,2026-06-03T11:41:39.937238+00:00,53,823323,1581,520.7609,2767.6226,0.0,0.0,0.3208,0.1321,0.0943,0.4528,0.0,0.0,0.0,3,5,0.1321
cam_02,2026-06-03T11:46:39.937238+00:00,66,966123,2025,477.0978,2500.5909,0.0,0.0,0.2424,0.1818,0.1061,0.4697,0.0,0.0,0.0,3,5,0.1818
cam_02,2026-06-03T11:51:39.937238+00:00,83,1201413,2448,490.7733,2594.5422,0.0,0.0,0.1807,0.1928,0.0602,0.5663,0.0,0.0,0.0,3,5,0.1325
cam_02,2026-06-03T11:56:39.937238+00:00,47,696432,1153,604.0173,2623.1915,0.0,0.0,0.383,0.1277,0.0213,0.4681,0.0,0.0,0.0,3,5,0.1915
cam_02,2026-06-03T12:01:39.937238+00:00,43,700206,1266,553.0853,2140.3953,0.0,0.0,0.1628,0.1163,0.093,0.6279,0.0,0.0,0.0,3,5,0.0465
cam_02,2026-06-03T12:06:39.937238+00:00,46,731791,1446,506.0795,2460.1739,0.0,0.0,0.1957,0.2391,0.1087,0.4565,0.0,0.0,0.0,3,5,0.1304
cam_02,2026-06-03T12:11:39.937238+00:00,45,644769,1421,453.7431,2387.4889,0.0,0.0,0.1778,0.1556,0.0667,0.6,0.0,0.0,0.0,3,5,0.1778
cam_02,2026-06-03T12:16:39.937238+00:00,52,786067,1741,451.5032,2611.0385,0.0,0.0,0.3654,0.0769,0.0769,0.4808,0.0,0.0,0.0,3,4,0.0769
cam_02,2026-06-03T12:21:39.937238+00:00,43,639124,1518,421.0303,2087.8605,0.0,0.0,0.2558,0.1628,0.1163,0.4651,0.0,0.0,0.0,3,5,0.1395
cam_02,2026-06-03T12:26:39.937238+00:00,53,766373,1694,452.4044,2541.8679,0.0,0.0,0.1698,0.2075,0.0189,0.6038,0.0,0.0,0.0,3,5,0.1698
cam_02,2026-06-03T12:31:39.937238+00:00,68,1004287,1666,602.8133,2151.7206,0.0,0.0,0.2794,0.0882,0.1324,0.5,0.0,0.0,0.0,3,5,0.1765
cam_02,2026-06-03T12:36:39.937238+00:00,47,708930,1562,453.8604,2328.5532,0.0,0.0,0.2128,0.1064,0.0638,0.617,0.0,0.0,0.0,3,5,0.0638
cam_02,2026-06-03T12:41:39.937238+00:00,46,703127,2090,336.4244,2754.3696,0.0,0.0,0.2391,0.1304,0.1087,0.5217,0.0,0.0,0.0,3,5,0.1739
cam_02,2026-06-03T12:46:39.937238+00:00,65,922030,2048,450.21,2681.4,0.0,0.0,0.2615,0.1538,0.0154,0.5692,0.0,0.0,0.0,3,5,0.0923
cam_02,2026-06-03T12:51:39.937238+00:00,48,804811,2134,377.1373,2485.7083,0.0,0.0,0.2708,0.1667,0.0833,0.4792,0.0,0.0,0.0,3,5,0.1042
cam_02,2026-06-03T12:56:39.937238+00:00,76,1210493,2196,551.2263,2571.9737,0.0,0.0,0.2105,0.1579,0.0789,0.5526,0.0,0.0,0.0,3,5,0.1974
cam_02,2026-06-03T13:01:39.937238+00:00,57,845651,1627,519.7609,2522.4561,0.0,0.0,0.3158,0.0877,0.1053,0.4912,0.0,0.0,0.0,3,5,0.193
cam_02,2026-06-03T13:06:39.937238+00:00,66,1035027,2007,515.7085,2450.9545,0.0,0.0,0.197,0.1364,0.0455,0.6212,0.0,0.0,0.0,3,5,0.1667
cam_02,2026-06-03T13:11:39.937238+00:00,50,758179,1947,389.4088,2558.34,0.0,0.0,0.26,0.04,0.06,0.64,0.0,0.0,0.0,3,5,0.18
cam_02,2026-06-03T13:16:39.937238+00:00,84,1299069,3319,391.4037,2582.0119,0.0,0.0,0.25,0.0952,0.0833,0.5714,0.0,0.0,0.0,3,5,0.1429
cam_02,2026-06-03T13:21:39.937238+00:00,42,636244,1300,489.4185,2473.9762,0.0,0.0,0.2619,0.0714,0.0714,0.5952,0.0,0.0,0.0,3,5,0.119
cam_02,2026-06-03T13:26:39.937238+00:00,69,1026415,2170,473.0023,2903.3188,0.0,0.0,0.2029,0.1884,0.0725,0.5362,0.0,0.0,0.0,3,5,0.1304
cam_02,2026-06-03T13:31:39.937238+00:00,56,841828,2120,397.0887,2401.1607,0.0,0.0,0.2857,0.125,0.0357,0.5536,0.0,0.0,0.0,3,5,0.125
cam_02,2026-06-03T13:36:39.937238+00:00,46,666760,1002,665.4291,2260.8696,0.0,0.0,0.1304,0.1522,0.2391,0.4783,0.0,0.0,0.0,3,5,0.1522
cam_02,2026-06-03T13:41:39.937238+00:00,43,642015,1389,462.2138,2501.3488,0.0,0.0,0.3023,0.0698,0.1163,0.5116,0.0,0.0,0.0,3,5,0.1628
cam_02,2026-06-03T13:46:39.937238+00:00,58,857650,1648,520.4187,2298.6379,0.0,0.0,0.2069,0.2414,0.1207,0.431,0.0,0.0,0.0,3,4,0.2069
cam_02,2026-06-03T13:51:39.937238+00:00,81,1244854,2858,435.5682,2631.9012,0.0,0.0,0.2469,0.2222,0.0864,0.4444,0.0,0.0,0.0,3,5,0.1358
cam_02,2026-06-03T13:56:39.937238+00:00,77,1091632,2503,436.1294,2643.961,0.0,0.0,0.2857,0.1299,0.0519,0.5325,0.0,0.0,0.0,3,5,0.1169
